log_text,label
- 1125083946 2005.08.26 R72-M0-N3-C:J14-U11 2005-08-26-12.19.06.789035 R72-M0-N3-C:J14-U11 RAS KERNEL INFO 773760 double-hummer alignment exceptions,normal
"APPSEV 1132940652 2005.11.25 R40-M0-N4-I:J18-U11 2005-11-25-09.44.12.099423 R40-M0-N4-I:J18-U11 RAS APP FATAL ciod: Error reading message prefix on CioStream socket to 172.16.96.116:40238, Link has been severed",anomaly
"- 1133011849 2005.11.26 R26-M0-N8-I:J18-U11 2005-11-26-05.30.49.027984 R26-M0-N8-I:J18-U11 RAS KERNEL INFO ciod: Received signal 15, code=0, errno=0, address=0x000001f2",normal
- 1118964331 2005.06.16 R02-M1-N0-C:J12-U11 2005-06-16-16.25.31.565513 R02-M1-N0-C:J12-U11 RAS KERNEL INFO instruction cache parity error corrected,normal
- 1119695538 2005.06.25 R37-M1-N9-C:J17-U01 2005-06-25-03.32.18.724572 R37-M1-N9-C:J17-U01 RAS KERNEL INFO 255804187 double-hummer alignment exceptions,normal
KERNSTOR 1118767870 2005.06.14 R03-M1-N9-C:J06-U01 2005-06-14-09.51.10.445312 R03-M1-N9-C:J06-U01 RAS KERNEL FATAL data storage interrupt,anomaly
- 1125621917 2005.09.01 R35-M0-N0-C:J07-U01 2005-09-01-17.45.17.429959 R35-M0-N0-C:J07-U01 RAS KERNEL INFO total of 1 ddr error(s) detected and corrected,normal
KERNDTLB 1118545744 2005.06.11 R30-M0-N9-C:J16-U01 2005-06-11-20.09.04.435470 R30-M0-N9-C:J16-U01 RAS KERNEL FATAL data TLB error interrupt,anomaly
KERNMNTF 1125554084 2005.08.31 R52-M0-N4-I:J18-U11 2005-08-31-22.54.44.897041 R52-M0-N4-I:J18-U11 RAS KERNEL FATAL Lustre mount FAILED : bglio675 : point /p/gb1,anomaly
"APPRES 1132600345 2005.11.21 R45-M0-N0-I:J18-U11 2005-11-21-11.12.25.954392 R45-M0-N0-I:J18-U11 RAS APP FATAL ciod: Error reading message prefix on CioStream socket to 172.16.96.116:42210, Connection reset by peer",anomaly
- 1121496638 2005.07.15 R05-M1-N5-C:J13-U01 2005-07-15-23.50.38.373363 R05-M1-N5-C:J13-U01 RAS KERNEL INFO generating core.51649,normal
- 1129553086 2005.10.17 R02-M0-N4-C:J04-U11 2005-10-17-05.44.46.966475 R02-M0-N4-C:J04-U11 RAS KERNEL INFO data cache search parity error detected. attempting to correct,normal
"- 1123110922 2005.08.03 NULL 2005-08-03-16.15.22.059019 NULL RAS MMCS ERROR idoproxydb hit ASSERT condition: ASSERT expression=0 Source file=idotransportmgr.cpp Source line=1043 Function=int IdoTransportMgr::SendPacket(IdoUdpMgr*, BglCtlPavTrace*)",normal
- 1120486536 2005.07.04 R13-M0-NF-C:J15-U11 2005-07-04-07.15.36.058558 R13-M0-NF-C:J15-U11 RAS KERNEL INFO generating core.4568,normal
- 1119725322 2005.06.25 R21-M0-N2-C:J15-U11 2005-06-25-11.48.42.436996 R21-M0-N2-C:J15-U11 RAS KERNEL INFO generating core.54524,normal
- 1122162211 2005.07.23 R26-M0-N6-C:J02-U01 2005-07-23-16.43.31.433930 R26-M0-N6-C:J02-U01 RAS KERNEL INFO 5 floating point alignment exceptions,normal
- 1120938443 2005.07.09 R14-M1-N1-C:J06-U11 2005-07-09-12.47.23.817134 R14-M1-N1-C:J06-U11 RAS KERNEL INFO generating core.40362,normal
- 1118172002 2005.06.07 R36-M0-NE-C:J16-U11 2005-06-07-12.20.02.416691 R36-M0-NE-C:J16-U11 RAS KERNEL INFO generating core.140,normal
- 1125221269 2005.08.28 R53-M1-NA-C:J07-U01 2005-08-28-02.27.49.763494 R53-M1-NA-C:J07-U01 RAS KERNEL INFO 30866682 double-hummer alignment exceptions,normal
- 1121313777 2005.07.13 R24-M0-N1-C:J15-U11 2005-07-13-21.02.57.619853 R24-M0-N1-C:J15-U11 RAS KERNEL INFO generating core.32504,normal
- 1117959530 2005.06.05 R25-M1-N3-C:J07-U01 2005-06-05-01.18.50.147169 R25-M1-N3-C:J07-U01 RAS KERNEL INFO generating core.1778,normal
KERNSTOR 1118765474 2005.06.14 R05-M0-NB-C:J07-U11 2005-06-14-09.11.14.269339 R05-M0-NB-C:J07-U11 RAS KERNEL FATAL data storage interrupt,anomaly
KERNDTLB 1118544952 2005.06.11 R30-M0-N9-C:J16-U01 2005-06-11-19.55.52.916083 R30-M0-N9-C:J16-U01 RAS KERNEL FATAL data TLB error interrupt,anomaly
- 1122576348 2005.07.28 R22-M1-N2-C:J06-U11 2005-07-28-11.45.48.647450 R22-M1-N2-C:J06-U11 RAS KERNEL INFO generating core.3038,normal
- 1121308110 2005.07.13 R32-M0-ND-C:J09-U01 2005-07-13-19.28.30.645669 R32-M0-ND-C:J09-U01 RAS KERNEL INFO generating core.17826,normal
"APPSEV 1132234573 2005.11.17 R41-M0-N4-I:J18-U11 2005-11-17-05.36.13.218096 R41-M0-N4-I:J18-U11 RAS APP FATAL ciod: Error reading message prefix on CioStream socket to 172.16.96.116:43784, Link has been severed",anomaly
- 1119803394 2005.06.26 R04-M0-ND-C:J04-U11 2005-06-26-09.29.54.599818 R04-M0-ND-C:J04-U11 RAS KERNEL INFO store operation.............................0,normal
"APPSEV 1133062747 2005.11.26 R14-M0-NC-I:J18-U11 2005-11-26-19.39.07.237104 R14-M0-NC-I:J18-U11 RAS APP FATAL ciod: Error reading message prefix on CioStream socket to 172.16.96.116:58694, Link has been severed",anomaly
KERNTERM 1132111213 2005.11.15 R56-M1-N8-C:J09-U11 2005-11-15-19.20.13.951884 R56-M1-N8-C:J09-U11 RAS KERNEL FATAL rts: kernel terminated for reason 1004,anomaly
KERNDTLB 1118544485 2005.06.11 R30-M0-N9-C:J16-U01 2005-06-11-19.48.05.029504 R30-M0-N9-C:J16-U01 RAS KERNEL FATAL data TLB error interrupt,anomaly
- 1118773480 2005.06.14 R21-M0-N6-C:J09-U11 2005-06-14-11.24.40.414682 R21-M0-N6-C:J09-U11 RAS KERNEL FATAL floating pt ex mode 1 enable......0,normal
- 1118183479 2005.06.07 R37-M1-NB-C:J13-U01 2005-06-07-15.31.19.389395 R37-M1-NB-C:J13-U01 RAS KERNEL INFO generating core.5265,normal
KERNDTLB 1118554070 2005.06.11 R30-M0-N9-C:J16-U01 2005-06-11-22.27.50.973589 R30-M0-N9-C:J16-U01 RAS KERNEL FATAL data TLB error interrupt,anomaly
- 1131060642 2005.11.03 R66-M1-N0-C:J07-U01 2005-11-03-15.30.42.658004 R66-M1-N0-C:J07-U01 RAS KERNEL INFO iar 00106534 dear 02494c3c,normal
"APPTO 1132613213 2005.11.21 R43-M1-NC-I:J18-U11 2005-11-21-14.46.53.133122 R43-M1-NC-I:J18-U11 RAS APP FATAL ciod: Error reading message prefix on CioStream socket to 172.16.96.116:41656, Connection timed out",anomaly
APPSEV 1124721489 2005.08.22 R11-M1-N8-I:J18-U01 2005-08-22-07.38.09.257482 R11-M1-N8-I:J18-U01 RAS APP FATAL ciod: Error reading message prefix after LOGIN_MESSAGE on CioStream socket to 172.16.96.116:52881: Link has been severed,anomaly
- 1125220378 2005.08.28 R77-M0-NE-C:J02-U01 2005-08-28-02.12.58.341427 R77-M0-NE-C:J02-U01 RAS KERNEL INFO iar 0014a150 dear 00850e28,normal
- 1122256866 2005.07.24 R16-M0-N5-C:J06-U01 2005-07-24-19.01.06.327065 R16-M0-N5-C:J06-U01 RAS KERNEL INFO generating core.61066,normal
- 1131060850 2005.11.03 R66-M0-N9-C:J13-U01 2005-11-03-15.34.10.244251 R66-M0-N9-C:J13-U01 RAS KERNEL INFO iar 00106568 dear 0246ae8c,normal
- 1121308794 2005.07.13 R35-M0-N0-C:J02-U01 2005-07-13-19.39.54.651017 R35-M0-N0-C:J02-U01 RAS KERNEL INFO generating core.24263,normal
- 1121252240 2005.07.13 R31-M0-N7-C:J07-U11 2005-07-13-03.57.20.452236 R31-M0-N7-C:J07-U11 RAS KERNEL INFO 111296968 double-hummer alignment exceptions,normal
- 1122256600 2005.07.24 R35-M1-NA-C:J04-U11 2005-07-24-18.56.40.535181 R35-M1-NA-C:J04-U11 RAS KERNEL INFO generating core.53559,normal
- 1118765991 2005.06.14 R05-M1-N9-C:J12-U01 2005-06-14-09.19.51.913150 R05-M1-N9-C:J12-U01 RAS KERNEL FATAL instruction address: 0x00004ed8,normal
- 1131060606 2005.11.03 R66-M1-N7-C:J04-U01 2005-11-03-15.30.06.033238 R66-M1-N7-C:J04-U01 RAS KERNEL INFO iar 00106534 dear 02494c3c,normal
- 1129155372 2005.10.12 R01-M1-NF-C:J05-U11 2005-10-12-15.16.12.469825 R01-M1-NF-C:J05-U11 RAS KERNEL INFO critical input interrupt (unit=0x0b bit=0x07): warning for torus y- wire,normal
APPSEV 1127988256 2005.09.29 R27-M1-NC-I:J18-U01 2005-09-29-03.04.16.205228 R27-M1-NC-I:J18-U01 RAS APP FATAL ciod: Error reading message prefix after LOAD_MESSAGE on CioStream socket to 172.16.96.116:34066: Link has been severed,anomaly
- 1131061774 2005.11.03 R60-M1-NF-C:J02-U11 2005-11-03-15.49.34.107169 R60-M1-NF-C:J02-U11 RAS KERNEL INFO iar 001061f0 dear 045e147c,normal
- 1131067170 2005.11.03 R26-M1-ND-C:J02-U11 2005-11-03-17.19.30.872869 R26-M1-ND-C:J02-U11 RAS KERNEL INFO 62500 floating point alignment exceptions,normal
- 1131141892 2005.11.04 R62-M0-N2-C:J11-U01 2005-11-04-14.04.52.172925 R62-M0-N2-C:J11-U01 RAS KERNEL INFO iar 001007a8 dear 065b4c6c,normal
- 1120917277 2005.07.09 R16-M0-N2-C:J14-U11 2005-07-09-06.54.37.571245 R16-M0-N2-C:J14-U11 RAS KERNEL INFO generating core.15788,normal
- 1120261990 2005.07.01 R36-M1-NA-C:J09-U01 2005-07-01-16.53.10.486313 R36-M1-NA-C:J09-U01 RAS KERNEL INFO 1146800 double-hummer alignment exceptions,normal
- 1133835025 2005.12.05 R52-M1-NA-C:J03-U01 2005-12-05-18.10.25.859187 R52-M1-NA-C:J03-U01 RAS KERNEL FATAL machine check enable..............1,normal
KERNDTLB 1118556387 2005.06.11 R30-M0-N9-C:J16-U01 2005-06-11-23.06.27.927212 R30-M0-N9-C:J16-U01 RAS KERNEL FATAL data TLB error interrupt,anomaly
KERNDTLB 1118538490 2005.06.11 R30-M0-N9-C:J16-U01 2005-06-11-18.08.10.490235 R30-M0-N9-C:J16-U01 RAS KERNEL FATAL data TLB error interrupt,anomaly
"KERNTERM 1121127009 2005.07.11 R14-M0-NC-C:J16-U01 2005-07-11-17.10.09.327085 R14-M0-NC-C:J16-U01 RAS KERNEL FATAL rts: kernel terminated for reason 1001rts: bad message header: invalid cpu, type=10144, cpu=127, index=0, total=0",anomaly
- 1121598466 2005.07.17 R23-M1-N3-C:J07-U01 2005-07-17-04.07.46.953159 R23-M1-N3-C:J07-U01 RAS KERNEL INFO generating core.47066,normal
KERNSTOR 1118765248 2005.06.14 R12-M0-N5-C:J15-U11 2005-06-14-09.07.28.221487 R12-M0-N5-C:J15-U11 RAS KERNEL FATAL data storage interrupt,anomaly
- 1120146197 2005.06.30 R17-M0-NC-C:J10-U01 2005-06-30-08.43.17.262331 R17-M0-NC-C:J10-U01 RAS KERNEL INFO generating core.19981,normal
KERNMNTF 1125029164 2005.08.25 R00-M0-N0-I:J18-U11 2005-08-25-21.06.04.378872 R00-M0-N0-I:J18-U11 RAS KERNEL FATAL Lustre mount FAILED : bglio1 : block_id : location,anomaly
- 1131058187 2005.11.03 R67-M1-N5-C:J05-U01 2005-11-03-14.49.47.906254 R67-M1-N5-C:J05-U01 RAS KERNEL INFO iar 00106210 dear 0244c1dc,normal
"KERNREC 1130529622 2005.10.28 R62-M1-N6-C:J14-U11 2005-10-28-13.00.22.265066 R62-M1-N6-C:J14-U11 RAS KERNEL FATAL Error receiving packet on tree network, expecting type 57 instead of type 3 (softheader=0064588e 8aff0003 00000002 00000000) PSR0=00001f01 PSR1=00000000 PRXF=00000002 PIXF=00000007",anomaly
APPSEV 1126476872 2005.09.11 R71-M0-N4-I:J18-U11 2005-09-11-15.14.32.930032 R71-M0-N4-I:J18-U11 RAS APP FATAL ciod: Error reading message prefix after LOAD_MESSAGE on CioStream socket to 172.16.96.116:56478: Link has been severed,anomaly
KERNDTLB 1118554265 2005.06.11 R30-M0-N9-C:J16-U01 2005-06-11-22.31.05.869096 R30-M0-N9-C:J16-U01 RAS KERNEL FATAL data TLB error interrupt,anomaly
KERNMNTF 1133726697 2005.12.04 R57-M0-N4-I:J18-U11 2005-12-04-12.04.57.479749 R57-M0-N4-I:J18-U11 RAS KERNEL FATAL Lustre mount FAILED : bglio755 : block_id : location,anomaly
- 1117839692 2005.06.03 R02-M1-N0-C:J12-U11 2005-06-03-16.01.32.552273 R02-M1-N0-C:J12-U11 RAS KERNEL INFO instruction cache parity error corrected,normal
- 1120958454 2005.07.09 R30-M1-NB-C:J05-U11 2005-07-09-18.20.54.527163 R30-M1-NB-C:J05-U11 RAS KERNEL INFO generating core.14387,normal
KERNDTLB 1118540298 2005.06.11 R30-M0-N9-C:J16-U01 2005-06-11-18.38.18.247769 R30-M0-N9-C:J16-U01 RAS KERNEL FATAL data TLB error interrupt,anomaly
- 1131583895 2005.11.09 R63-M0-N2-C:J02-U11 2005-11-09-16.51.35.691999 R63-M0-N2-C:J02-U11 RAS KERNEL INFO iar 00106470 dear 0244a10c,normal
- 1121172969 2005.07.12 R13-M1-N8-C:J11-U11 2005-07-12-05.56.09.251363 R13-M1-N8-C:J11-U11 RAS KERNEL INFO generating core.4061,normal
- 1120928576 2005.07.09 R34-M1-N0-C:J03-U01 2005-07-09-10.02.56.668508 R34-M1-N0-C:J03-U01 RAS KERNEL INFO generating core.16103,normal
- 1120956648 2005.07.09 R23-M0-N2-C:J03-U11 2005-07-09-17.50.48.586039 R23-M0-N2-C:J03-U11 RAS KERNEL INFO generating core.11263,normal
KERNSTOR 1118765505 2005.06.14 R04-M1-NF-C:J10-U11 2005-06-14-09.11.45.728204 R04-M1-NF-C:J10-U11 RAS KERNEL FATAL data storage interrupt,anomaly
- 1125084782 2005.08.26 R64-M1-NF-C:J04-U01 2005-08-26-12.33.02.473473 R64-M1-NF-C:J04-U01 RAS KERNEL INFO iar 003a9274 dear 00f29f68,normal
KERNTERM 1124336268 2005.08.17 R44-M0-NC-C:J12-U01 2005-08-17-20.37.48.690907 R44-M0-NC-C:J12-U01 RAS KERNEL FATAL rts: kernel terminated for reason 1001,anomaly
- 1120788477 2005.07.07 R22-M0-NF-C:J08-U01 2005-07-07-19.07.57.922544 R22-M0-NF-C:J08-U01 RAS KERNEL INFO generating core.58138,normal
- 1125083373 2005.08.26 R61-M1-NC-C:J12-U11 2005-08-26-12.09.33.144986 R61-M1-NC-C:J12-U11 RAS KERNEL INFO iar 003a9260 dear 00efcdf8,normal
KERNMNTF 1126035274 2005.09.06 R16-M1-N0-I:J18-U11 2005-09-06-12.34.34.512133 R16-M1-N0-I:J18-U11 RAS KERNEL FATAL Lustre mount FAILED : bglio229 : point /p/gb1,anomaly
- 1121172474 2005.07.12 R26-M1-N4-C:J08-U11 2005-07-12-05.47.54.649306 R26-M1-N4-C:J08-U11 RAS KERNEL INFO generating core.1374,normal
- 1121598541 2005.07.17 R35-M1-N9-C:J08-U01 2005-07-17-04.09.01.651349 R35-M1-N9-C:J08-U01 RAS KERNEL INFO generating core.22802,normal
- 1119418881 2005.06.21 R02-M1-N0-C:J12-U11 2005-06-21-22.41.21.839026 R02-M1-N0-C:J12-U11 RAS KERNEL INFO instruction cache parity error corrected,normal
- 1130162677 2005.10.24 R56-M0-NA-C:J17-U11 2005-10-24-07.04.37.813492 R56-M0-NA-C:J17-U11 RAS KERNEL INFO 12645 L3 EDRAM error(s) (dcr 0x0157) detected and corrected,normal
- 1120934249 2005.07.09 R34-M0-NB-C:J06-U11 2005-07-09-11.37.29.383840 R34-M0-NB-C:J06-U11 RAS KERNEL INFO generating core.5426,normal
- 1131059778 2005.11.03 R67-M1-N5-C:J02-U01 2005-11-03-15.16.18.465873 R67-M1-N5-C:J02-U01 RAS KERNEL INFO,normal
- 1121495788 2005.07.15 R25-M1-N7-C:J14-U01 2005-07-15-23.36.28.009916 R25-M1-N7-C:J14-U01 RAS KERNEL INFO generating core.9624,normal
KERNDTLB 1118547964 2005.06.11 R30-M0-N9-C:J16-U01 2005-06-11-20.46.04.271242 R30-M0-N9-C:J16-U01 RAS KERNEL FATAL data TLB error interrupt,anomaly
"- 1133370410 2005.11.30 R35-M1-N9-C:J14-U01 2005-11-30-09.06.50.977292 R35-M1-N9-C:J14-U01 RAS KERNEL INFO CE sym 19, at 0x057c7e00, mask 0x20",normal
- 1128026752 2005.09.29 R00-M0-N1-C:J14-U11 2005-09-29-13.45.52.300818 R00-M0-N1-C:J14-U11 RAS KERNEL INFO critical input interrupt (unit=0x0b bit=0x02): warning for torus x+ wire,normal
KERNDTLB 1118557078 2005.06.11 R30-M0-N9-C:J16-U01 2005-06-11-23.17.58.401969 R30-M0-N9-C:J16-U01 RAS KERNEL FATAL data TLB error interrupt,anomaly
- 1118771381 2005.06.14 R21-M0-N6-C:J09-U11 2005-06-14-10.49.41.660660 R21-M0-N6-C:J09-U11 RAS KERNEL FATAL byte ordering exception.....................0,normal
KERNDTLB 1118557135 2005.06.11 R30-M0-N9-C:J16-U01 2005-06-11-23.18.55.369402 R30-M0-N9-C:J16-U01 RAS KERNEL FATAL data TLB error interrupt,anomaly
KERNSTOR 1118765428 2005.06.14 R02-M1-NA-C:J13-U11 2005-06-14-09.10.28.349134 R02-M1-NA-C:J13-U11 RAS KERNEL FATAL data storage interrupt,anomaly
KERNSTOR 1118767872 2005.06.14 R11-M0-NA-C:J10-U01 2005-06-14-09.51.12.543839 R11-M0-NA-C:J10-U01 RAS KERNEL FATAL data storage interrupt,anomaly
- 1118343962 2005.06.09 R23-M1-N0-C:J03-U01 2005-06-09-12.06.02.529373 R23-M1-N0-C:J03-U01 RAS KERNEL INFO generating core.1015,normal
- 1131133301 2005.11.04 R63-M0-N6-C:J05-U01 2005-11-04-11.41.41.867280 R63-M0-N6-C:J05-U01 RAS KERNEL INFO,normal
- 1122430900 2005.07.26 R21-M0-N9-C:J03-U11 2005-07-26-19.21.40.064841 R21-M0-N9-C:J03-U11 RAS KERNEL INFO generating core.23675,normal
"APPSEV 1135957340 2005.12.30 R52-M1-N0-I:J18-U11 2005-12-30-07.42.20.963048 R52-M1-N0-I:J18-U11 RAS APP FATAL ciod: Error reading message prefix on CioStream socket to 172.16.96.116:39979, Link has been severed",anomaly
"APPSEV 1133300166 2005.11.29 R54-M1-N0-I:J18-U01 2005-11-29-13.36.06.578257 R54-M1-N0-I:J18-U01 RAS APP FATAL ciod: Error reading message prefix on CioStream socket to 172.16.96.116:46316, Link has been severed",anomaly
- 1118301078 2005.06.09 R24-M1-N7-C:J12-U01 2005-06-09-00.11.18.108270 R24-M1-N7-C:J12-U01 RAS KERNEL INFO generating core.4193,normal
APPSEV 1124709928 2005.08.22 R20-M0-NC-I:J18-U01 2005-08-22-04.25.28.199312 R20-M0-NC-I:J18-U01 RAS APP FATAL ciod: Error reading message prefix after LOAD_MESSAGE on CioStream socket to 172.16.96.116:43813: Link has been severed,anomaly
- 1118770357 2005.06.14 R20-M1-N9-C:J03-U11 2005-06-14-10.32.37.745491 R20-M1-N9-C:J03-U11 RAS KERNEL FATAL program interrupt: trap instruction.........0,normal
- 1131142782 2005.11.04 R62-M0-NE-C:J06-U01 2005-11-04-14.19.42.051087 R62-M0-NE-C:J06-U01 RAS KERNEL INFO iar 001066ac dear 0252528c,normal
"KERNREC 1132111255 2005.11.15 R57-M1-N5-C:J17-U11 2005-11-15-19.20.55.244488 R57-M1-N5-C:J17-U11 RAS KERNEL FATAL Error receiving packet on tree network, expecting type 57 instead of type 3 (softheader=009756d5 8bfa0003 00000002 00000000) PSR0=00001f01 PSR1=00000000 PRXF=00000002 PIXF=00000007",anomaly
- 1121496138 2005.07.15 R12-M1-NB-C:J06-U11 2005-07-15-23.42.18.273790 R12-M1-NB-C:J06-U11 RAS KERNEL INFO generating core.5930,normal
- 1120094346 2005.06.29 R30-M0-N7-C:J12-U11 2005-06-29-18.19.06.979460 R30-M0-N7-C:J12-U11 RAS KERNEL INFO 344040 double-hummer alignment exceptions,normal
- 1124817659 2005.08.23 R14-M0-NC-I:J18-U11 2005-08-23-10.20.59.626185 R14-M0-NC-I:J18-U11 RAS KERNEL INFO ciod: generated 128 core files for program /home/germann2/BGL-demo/SPaSM_mpi,normal
- 1118770704 2005.06.14 R24-M1-NC-C:J05-U11 2005-06-14-10.38.24.085540 R24-M1-NC-C:J05-U11 RAS KERNEL FATAL store operation.............................1,normal
APPSEV 1129501479 2005.10.16 R07-M0-N0-I:J18-U01 2005-10-16-15.24.39.280375 R07-M0-N0-I:J18-U01 RAS APP FATAL ciod: Error reading message prefix after LOAD_MESSAGE on CioStream socket to 172.16.96.116:47536: Link has been severed,anomaly
"- 1133929629 2005.12.06 R10-M0-N6-C:J10-U01 2005-12-06-20.27.09.249704 R10-M0-N6-C:J10-U01 RAS KERNEL INFO Kernel detected 4648690 integer alignment exceptions (4648683) iar 0x00544ea8, dear 0x01fc88e0 (4648684) iar 0x00544eb8, dear 0x01fc8900 (4648685) iar 0x00544ea8, dear 0x01fc8920 (4648686) iar 0x00544eb8, dear 0x01fc8940 (4648687) iar 0x00544ee0, dear 0x01fc8960 (4648688) iar 0x00544ef0, dear 0x01fc8980 (4648689) iar 0x00544ee0, dear 0x01fc89a0 (4648690) iar 0x00544ef0, dear 0x01fc89c0",normal
- 1120259703 2005.07.01 R31-M1-N2-C:J15-U11 2005-07-01-16.15.03.733320 R31-M1-N2-C:J15-U11 RAS KERNEL INFO 1146800 double-hummer alignment exceptions,normal
- 1125224364 2005.08.28 R46-M0-N6-C:J11-U01 2005-08-28-03.19.24.711795 R46-M0-N6-C:J11-U01 RAS KERNEL INFO iar 0014a150 dear 009871e8,normal
- 1131582466 2005.11.09 R62-M0-N7-C:J06-U11 2005-11-09-16.27.46.947725 R62-M0-N7-C:J06-U11 RAS KERNEL INFO iar 00106284 dear 0247673c,normal
- 1119481308 2005.06.22 R22-M1-NF-C:J14-U11 2005-06-22-16.01.48.902340 R22-M1-NF-C:J14-U11 RAS KERNEL INFO 6182400 double-hummer alignment exceptions,normal
- 1131061717 2005.11.03 R61-M1-NA-C:J10-U11 2005-11-03-15.48.37.722308 R61-M1-NA-C:J10-U11 RAS KERNEL INFO iar 00106534 dear 045e145c,normal
- 1121356975 2005.07.14 R02-M1-NC-I:J18-U11 2005-07-14-09.02.55.701647 R02-M1-NC-I:J18-U11 RAS KERNEL INFO ciod: T coordinate 1 exceeds physical dimension 1 at line 2 of node map file /p/gb2/pakin1/sweep3d-50x50x50-10mk-3mmi-1024vpes-xyzt/xyzt-8x8x8x2.map,normal
KERNSTOR 1118766724 2005.06.14 R24-M1-N3-C:J10-U11 2005-06-14-09.32.04.879551 R24-M1-N3-C:J10-U11 RAS KERNEL FATAL data storage interrupt,anomaly
KERNDTLB 1118541495 2005.06.11 R30-M0-N9-C:J16-U01 2005-06-11-18.58.15.631222 R30-M0-N9-C:J16-U01 RAS KERNEL FATAL data TLB error interrupt,anomaly
- 1132584492 2005.11.21 R26-M0-N0-I:J18-U11 2005-11-21-06.48.12.308876 R26-M0-N0-I:J18-U11 RAS KERNEL INFO MACHINE CHECK DCR read timeout (mc=e08x iar 0x00000000 lr 0xc00045a4),normal
- 1122167318 2005.07.23 R17-M0-ND-C:J08-U01 2005-07-23-18.08.38.646334 R17-M0-ND-C:J08-U01 RAS KERNEL INFO 685 floating point alignment exceptions,normal
- 1119715878 2005.06.25 R11-M0-N2-C:J13-U11 2005-06-25-09.11.18.584664 R11-M0-N2-C:J13-U11 RAS KERNEL INFO generating core.20717,normal
KERNSTOR 1118767872 2005.06.14 R11-M0-N6-C:J17-U11 2005-06-14-09.51.12.917494 R11-M0-N6-C:J17-U11 RAS KERNEL FATAL data storage interrupt,anomaly
- 1120772484 2005.07.07 R00-M0-N7-C:J05-U11 2005-07-07-14.41.24.814968 R00-M0-N7-C:J05-U11 RAS KERNEL INFO generating core.59,normal
- 1117985478 2005.06.05 R32-M0-N6-C:J08-U11 2005-06-05-08.31.18.450566 R32-M0-N6-C:J08-U11 RAS KERNEL INFO generating core.238,normal
- 1121311409 2005.07.13 R27-M0-N0-C:J10-U11 2005-07-13-20.23.29.657262 R27-M0-N0-C:J10-U11 RAS KERNEL INFO generating core.28509,normal
- 1118734965 2005.06.14 R24-M0-N4-C:J11-U01 2005-06-14-00.42.45.601227 R24-M0-N4-C:J11-U01 RAS KERNEL INFO generating core.3573,normal
- 1120969759 2005.07.09 R22-M1-N4-C:J07-U11 2005-07-09-21.29.19.388463 R22-M1-N4-C:J07-U11 RAS KERNEL INFO generating core.2046,normal
KERNMNTF 1126192139 2005.09.08 R33-M0-N4-I:J18-U11 2005-09-08-08.08.59.278713 R33-M0-N4-I:J18-U11 RAS KERNEL FATAL Lustre mount FAILED : bglio435 : point /p/gb1,anomaly
- 1131061728 2005.11.03 R64-M1-N0-C:J17-U11 2005-11-03-15.48.48.869265 R64-M1-N0-C:J17-U11 RAS KERNEL INFO iar 00106580 dear 045e141c,normal
- 1131068028 2005.11.03 R10-M0-ND-C:J02-U11 2005-11-03-17.33.48.312795 R10-M0-ND-C:J02-U11 RAS KERNEL INFO 62500 floating point alignment exceptions,normal
- 1127244028 2005.09.20 UNKNOWN_LOCATION 2005-09-20-12.20.28.382852 UNKNOWN_LOCATION NULL DISCOVERY INFO Ido chip status changed: FF:F2:9F:16:BB:36:00:0D:60:E9:44:C9 ip=10.4.1.111 v=13 t=4 status=M Tue Sep 20 12:11:48 PDT 2005,normal
KERNDTLB 1118537416 2005.06.11 R30-M0-N9-C:J16-U01 2005-06-11-17.50.16.828749 R30-M0-N9-C:J16-U01 RAS KERNEL FATAL data TLB error interrupt,anomaly
"- 1127264240 2005.09.20 R03-M0-N8-I:J18-U11 2005-09-20-17.57.20.171804 R03-M0-N8-I:J18-U11 RAS APP FATAL ciod: Error loading /home/yates//torus-latency.rts: invalid or missing program image, No such file or directory",normal
- 1120262331 2005.07.01 R31-M0-N4-C:J07-U11 2005-07-01-16.58.51.583736 R31-M0-N4-C:J07-U11 RAS KERNEL INFO 1146800 double-hummer alignment exceptions,normal
- 1121051338 2005.07.10 R30-M0-N7-C:J09-U01 2005-07-10-20.08.58.817981 R30-M0-N7-C:J09-U01 RAS KERNEL INFO total of 1 ddr error(s) detected and corrected,normal
"- 1130249692 2005.10.25 R34-M1-N3-C:J11-U01 2005-10-25-07.14.52.362728 R34-M1-N3-C:J11-U01 RAS KERNEL INFO CE sym 8, at 0x05eed3a0, mask 0x01",normal
- 1124818134 2005.08.23 R22-M0-NC-I:J18-U11 2005-08-23-10.28.54.341816 R22-M0-NC-I:J18-U11 RAS KERNEL INFO ciod: generated 128 core files for program /home/germann2/BGL-demo/SPaSM_mpi,normal
- 1120145925 2005.06.30 R06-M1-N2-C:J06-U01 2005-06-30-08.38.45.339057 R06-M1-N2-C:J06-U01 RAS KERNEL INFO generating core.30342,normal
KERNDTLB 1118537116 2005.06.11 R30-M0-N9-C:J16-U01 2005-06-11-17.45.16.642765 R30-M0-N9-C:J16-U01 RAS KERNEL FATAL data TLB error interrupt,anomaly
KERNSTOR 1118767697 2005.06.14 R16-M1-N2-C:J08-U11 2005-06-14-09.48.17.914616 R16-M1-N2-C:J08-U11 RAS KERNEL FATAL data storage interrupt,anomaly
- 1121901028 2005.07.20 R14-M1-NF-C:J17-U01 2005-07-20-16.10.28.668844 R14-M1-NF-C:J17-U01 RAS KERNEL INFO 8 floating point alignment exceptions,normal
- 1117989475 2005.06.05 R33-M1-N5-C:J17-U01 2005-06-05-09.37.55.563512 R33-M1-N5-C:J17-U01 RAS KERNEL INFO generating core.4848,normal
APPSEV 1127988036 2005.09.29 R77-M1-N8-I:J18-U11 2005-09-29-03.00.36.856276 R77-M1-N8-I:J18-U11 RAS APP FATAL ciod: Error reading message prefix after LOGIN_MESSAGE on CioStream socket to 172.16.96.116:60204: Link has been severed,anomaly
- 1119726498 2005.06.25 R04-M0-N3-C:J04-U11 2005-06-25-12.08.18.950686 R04-M0-N3-C:J04-U11 RAS KERNEL INFO generating core.2259,normal
KERNDTLB 1118548063 2005.06.11 R30-M0-N9-C:J16-U01 2005-06-11-20.47.43.172719 R30-M0-N9-C:J16-U01 RAS KERNEL FATAL data TLB error interrupt,anomaly
- 1131579554 2005.11.09 R62-M0-N9-C:J13-U11 2005-11-09-15.39.14.046173 R62-M0-N9-C:J13-U11 RAS KERNEL INFO iar 00106b98 dear 0246dd9c,normal
"- 1123665153 2005.08.10 R02-M1-NB-C:J15-U11 2005-08-10-02.12.33.791879 R02-M1-NB-C:J15-U11 RAS KERNEL INFO CE sym 5, at 0x146282e0, mask 0x04",normal
KERNSTOR 1118709597 2005.06.13 R11-M1-NA-C:J14-U11 2005-06-13-17.39.57.926723 R11-M1-NA-C:J14-U11 RAS KERNEL FATAL data storage interrupt,anomaly
- 1131142392 2005.11.04 R62-M0-NC-C:J02-U01 2005-11-04-14.13.12.652652 R62-M0-NC-C:J02-U01 RAS KERNEL INFO iar 001066ac dear 0252529c,normal
- 1122256055 2005.07.24 R37-M1-N2-C:J13-U01 2005-07-24-18.47.35.266839 R37-M1-N2-C:J13-U01 RAS KERNEL INFO generating core.53973,normal
- 1118171333 2005.06.07 R23-M0-N8-I:J18-U01 2005-06-07-12.08.53.731450 R23-M0-N8-I:J18-U01 RAS KERNEL INFO ciod: Message code 0 is not 51 or 4294967295,normal
KERNDTLB 1118547042 2005.06.11 R30-M0-N9-C:J16-U01 2005-06-11-20.30.42.832939 R30-M0-N9-C:J16-U01 RAS KERNEL FATAL data TLB error interrupt,anomaly
APPSEV 1127988028 2005.09.29 R62-M1-NC-I:J18-U11 2005-09-29-03.00.28.149668 R62-M1-NC-I:J18-U11 RAS APP FATAL ciod: Error reading message prefix after LOGIN_MESSAGE on CioStream socket to 172.16.96.116:59762: Link has been severed,anomaly
"APPSEV 1134403735 2005.12.12 R56-M0-N0-I:J18-U11 2005-12-12-08.08.55.220525 R56-M0-N0-I:J18-U11 RAS APP FATAL ciod: Error reading message prefix on CioStream socket to 172.16.96.116:58168, Link has been severed",anomaly
- 1122166485 2005.07.23 R10-M1-N9-C:J08-U11 2005-07-23-17.54.45.149194 R10-M1-N9-C:J08-U11 RAS KERNEL INFO 5 floating point alignment exceptions,normal
KERNMNTF 1126922667 2005.09.16 R73-M0-N8-I:J18-U11 2005-09-16-19.04.27.905128 R73-M0-N8-I:J18-U11 RAS KERNEL FATAL Lustre mount FAILED : bglio953 : point /p/gb1,anomaly
"- 1123773340 2005.08.11 R05-M1-ND-C:J15-U01 2005-08-11-08.15.40.097017 R05-M1-ND-C:J15-U01 RAS KERNEL INFO 2 ddr errors(s) detected and corrected on rank 0, symbol 11, bit 7",normal
- 1130123639 2005.10.23 R53-M1-N0-I:J18-U11 2005-10-23-20.13.59.777548 R53-M1-N0-I:J18-U11 RAS KERNEL INFO ciod: generated 128 core files for program /home/spelce1/HPCC_IBM/Urgent/COP/64K/new_vnm.rts,normal
KERNSTOR 1118709520 2005.06.13 R14-M1-NF-C:J07-U01 2005-06-13-17.38.40.265255 R14-M1-NF-C:J07-U01 RAS KERNEL FATAL data storage interrupt,anomaly
KERNDTLB 1118545079 2005.06.11 R30-M0-N9-C:J16-U01 2005-06-11-19.57.59.196022 R30-M0-N9-C:J16-U01 RAS KERNEL FATAL data TLB error interrupt,anomaly
- 1120351606 2005.07.02 R00-M1-N7-C:J04-U11 2005-07-02-17.46.46.280978 R00-M1-N7-C:J04-U11 RAS KERNEL INFO generating core.3115,normal
"- 1133448313 2005.12.01 R70-M0-NC-C:J08-U11 2005-12-01-06.45.13.891205 R70-M0-NC-C:J08-U11 RAS KERNEL INFO 10682 total interrupts. 0 critical input interrupts. 0 microseconds total spent on critical input interrupts, 0 microseconds max time in a critical input interrupt.",normal
- 1117982608 2005.06.05 R32-M1-NB-C:J03-U01 2005-06-05-07.43.28.158002 R32-M1-NB-C:J03-U01 RAS KERNEL INFO generating core.7635,normal
"- 1127248860 2005.09.20 NULL 2005-09-20-13.41.00.044997 NULL RAS MMCS ERROR idoproxydb hit ASSERT condition: ASSERT expression=0 Source file=idotransportmgr.cpp Source line=1043 Function=int IdoTransportMgr::SendPacket(IdoUdpMgr*, BglCtlPavTrace*)",normal
KERNDTLB 1118549365 2005.06.11 R30-M0-N9-C:J16-U01 2005-06-11-21.09.25.276898 R30-M0-N9-C:J16-U01 RAS KERNEL FATAL data TLB error interrupt,anomaly
KERNDTLB 1118549374 2005.06.11 R30-M0-N9-C:J16-U01 2005-06-11-21.09.34.018038 R30-M0-N9-C:J16-U01 RAS KERNEL FATAL data TLB error interrupt,anomaly
- 1122165280 2005.07.23 R14-M0-NA-C:J04-U01 2005-07-23-17.34.40.287696 R14-M0-NA-C:J04-U01 RAS KERNEL INFO generating core.7239,normal
"- 1134159562 2005.12.09 R12-M1-N0-I:J18-U01 2005-12-09-12.19.22.467000 R12-M1-N0-I:J18-U01 RAS APP FATAL ciod: Error loading /bgl/apps/SWL/stability/HPL/WORK/1405./hpl_DD: invalid or missing program image, No such file or directory",normal
- 1119803093 2005.06.26 R34-M0-N7-C:J10-U11 2005-06-26-09.24.53.600482 R34-M0-N7-C:J10-U11 RAS KERNEL INFO program interrupt: illegal instruction......1,normal
"- 1120113564 2005.06.29 R16-M1-N2-C:J17-U01 2005-06-29-23.39.24.266884 R16-M1-N2-C:J17-U01 RAS KERNEL INFO CE sym 0, at 0x1b858ec0, mask 0x40",normal
KERNSTOR 1118767727 2005.06.14 R17-M0-N7-C:J02-U01 2005-06-14-09.48.47.162915 R17-M0-N7-C:J02-U01 RAS KERNEL FATAL data storage interrupt,anomaly
- 1120968508 2005.07.09 R32-M1-N6-C:J09-U01 2005-07-09-21.08.28.905270 R32-M1-N6-C:J09-U01 RAS KERNEL INFO generating core.12774,normal
KERNDTLB 1118543242 2005.06.11 R30-M0-N9-C:J16-U01 2005-06-11-19.27.22.552233 R30-M0-N9-C:J16-U01 RAS KERNEL FATAL data TLB error interrupt,anomaly
- 1121900795 2005.07.20 R23-M0-ND-C:J05-U11 2005-07-20-16.06.35.069755 R23-M0-ND-C:J05-U11 RAS KERNEL INFO 8 floating point alignment exceptions,normal
KERNMNTF 1125575316 2005.09.01 R32-M0-N8-I:J18-U11 2005-09-01-04.48.36.764024 R32-M0-N8-I:J18-U11 RAS KERNEL FATAL Lustre mount FAILED : bglio425 : point /p/gb1,anomaly
KERNTERM 1124272142 2005.08.17 R45-M1-NC-C:J16-U01 2005-08-17-02.49.02.077838 R45-M1-NC-C:J16-U01 RAS KERNEL FATAL rts: kernel terminated for reason 1001,anomaly
- 1122405830 2005.07.26 R06-M0-N3-C:J02-U11 2005-07-26-12.23.50.922766 R06-M0-N3-C:J02-U11 RAS KERNEL INFO generating core.363,normal
- 1121442122 2005.07.15 R04-M0-N1-C:J05-U11 2005-07-15-08.42.02.012664 R04-M0-N1-C:J05-U11 RAS KERNEL INFO generating core.4987,normal
- 1121496398 2005.07.15 R11-M1-N9-C:J06-U01 2005-07-15-23.46.38.918977 R11-M1-N9-C:J06-U01 RAS KERNEL INFO generating core.48138,normal
- 1121900575 2005.07.20 R21-M0-NE-C:J03-U01 2005-07-20-16.02.55.256839 R21-M0-NE-C:J03-U01 RAS KERNEL INFO 8 floating point alignment exceptions,normal
KERNDTLB 1118552744 2005.06.11 R30-M0-N9-C:J16-U01 2005-06-11-22.05.44.727619 R30-M0-N9-C:J16-U01 RAS KERNEL FATAL data TLB error interrupt,anomaly
"- 1127231366 2005.09.20 R35-M0-N0-C:J07-U01 2005-09-20-08.49.26.146909 R35-M0-N0-C:J07-U01 RAS KERNEL INFO CE sym 12, at 0x1682ed20, mask 0x01",normal
"- 1131601588 2005.11.09 R45-M1-NA-C:J10-U01 2005-11-09-21.46.28.934166 R45-M1-NA-C:J10-U01 RAS KERNEL INFO CE sym 9, at 0x12870760, mask 0x40",normal
- 1123102679 2005.08.03 UNKNOWN_LOCATION 2005-08-03-13.57.59.405432 UNKNOWN_LOCATION NULL DISCOVERY ERROR Node card status: no ALERTs are active. Clock Mode is Low. Clock Select is Midplane. Phy JTAG Reset is asserted. ASIC JTAG Reset is asserted. Temperature Mask is not active. No temperature error. Temperature Limit Error Latch is clear. PGOOD IS NOT ASSERTED. PGOOD ERROR LATCH IS ACTIVE. MPGOOD IS NOT OK. MPGOOD ERROR LATCH IS ACTIVE. The 2.5 volt rail is OK. The 1.5 volt rail is OK.,normal
- 1121252556 2005.07.13 R00-M0-N7-C:J06-U11 2005-07-13-04.02.36.664278 R00-M0-N7-C:J06-U11 RAS KERNEL INFO 113340016 double-hummer alignment exceptions,normal
KERNDTLB 1118536619 2005.06.11 R30-M0-N9-C:J16-U01 2005-06-11-17.36.59.116495 R30-M0-N9-C:J16-U01 RAS KERNEL FATAL data TLB error interrupt,anomaly
- 1133455482 2005.12.01 R24-M1-ND-C:J02-U01 2005-12-01-08.44.42.487600 R24-M1-ND-C:J02-U01 RAS KERNEL INFO 0 microseconds spent in the rbs signal handler during 0 calls. 0 microseconds was the maximum time for a single instance of a correctable ddr.,normal
KERNSTOR 1118768037 2005.06.14 R05-M0-N6-C:J15-U01 2005-06-14-09.53.57.159044 R05-M0-N6-C:J15-U01 RAS KERNEL FATAL data storage interrupt,anomaly
- 1117957780 2005.06.05 R21-M0-N0-C:J04-U11 2005-06-05-00.49.40.197504 R21-M0-N0-C:J04-U11 RAS KERNEL INFO generating core.2863,normal
- 1131127681 2005.11.04 R62-M0-ND-C:J13-U11 2005-11-04-10.08.01.182336 R62-M0-ND-C:J13-U11 RAS KERNEL INFO iar 00106704 dear 0245b74c,normal
- 1118962103 2005.06.16 R02-M1-N0-C:J12-U11 2005-06-16-15.48.23.149068 R02-M1-N0-C:J12-U11 RAS KERNEL INFO instruction cache parity error corrected,normal
KERNDTLB 1118553933 2005.06.11 R30-M0-N9-C:J16-U01 2005-06-11-22.25.33.365013 R30-M0-N9-C:J16-U01 RAS KERNEL FATAL data TLB error interrupt,anomaly
- 1131126018 2005.11.04 R62-M0-N0-C:J13-U01 2005-11-04-09.40.18.819501 R62-M0-N0-C:J13-U01 RAS KERNEL INFO iar 001069d0 dear 0245ccfc,normal
"APPSEV 1135630222 2005.12.26 R43-M0-NC-I:J18-U11 2005-12-26-12.50.22.790889 R43-M0-NC-I:J18-U11 RAS APP FATAL ciod: Error reading message prefix on CioStream socket to 172.16.96.116:36275, Link has been severed",anomaly
- 1122580674 2005.07.28 R22-M0-N1-C:J09-U11 2005-07-28-12.57.54.389584 R22-M0-N1-C:J09-U11 RAS KERNEL INFO generating core.15866,normal
- 1118770496 2005.06.14 R26-M0-N3-C:J15-U01 2005-06-14-10.34.56.288921 R26-M0-N3-C:J15-U01 RAS KERNEL FATAL program interrupt: fp compare...............0,normal
- 1121312325 2005.07.13 R26-M0-NC-C:J13-U11 2005-07-13-20.38.45.682505 R26-M0-NC-C:J13-U11 RAS KERNEL INFO generating core.13629,normal
- 1120968135 2005.07.09 R27-M1-N7-C:J17-U01 2005-07-09-21.02.15.944247 R27-M1-N7-C:J17-U01 RAS KERNEL INFO generating core.4456,normal
"- 1133314573 2005.11.29 R47-M1-N8-I:J18-U11 2005-11-29-17.36.13.954117 R47-M1-N8-I:J18-U11 RAS KERNEL INFO ciod: Received signal 15, code=0, errno=0, address=0x000001f2",normal
KERNDTLB 1118556612 2005.06.11 R30-M0-N9-C:J16-U01 2005-06-11-23.10.12.383032 R30-M0-N9-C:J16-U01 RAS KERNEL FATAL data TLB error interrupt,anomaly
APPSEV 1123936553 2005.08.13 R27-M1-N0-I:J18-U01 2005-08-13-05.35.53.123867 R27-M1-N0-I:J18-U01 RAS APP FATAL ciod: Error reading message prefix after LOAD_MESSAGE on CioStream socket to 172.16.96.116:37653: Link has been severed,anomaly
- 1122165937 2005.07.23 R16-M0-ND-C:J06-U01 2005-07-23-17.45.37.338139 R16-M0-ND-C:J06-U01 RAS KERNEL INFO 5 floating point alignment exceptions,normal
- 1118915959 2005.06.16 R21-M0-ND-C:J16-U11 2005-06-16-02.59.19.704957 R21-M0-ND-C:J16-U11 RAS KERNEL INFO generating core.4616,normal
- 1119804034 2005.06.26 R01-M0-N9-C:J06-U01 2005-06-26-09.40.34.265083 R01-M0-N9-C:J06-U01 RAS KERNEL INFO program interrupt: fp cr field .............0,normal
- 1120351600 2005.07.02 R00-M1-NE-C:J17-U11 2005-07-02-17.46.40.213806 R00-M1-NE-C:J17-U11 RAS KERNEL INFO generating core.7196,normal
- 1121495800 2005.07.15 R30-M0-ND-C:J17-U11 2005-07-15-23.36.40.239040 R30-M0-ND-C:J17-U11 RAS KERNEL INFO generating core.34928,normal
- 1120953207 2005.07.09 R32-M1-NE-C:J05-U01 2005-07-09-16.53.27.582730 R32-M1-NE-C:J05-U01 RAS KERNEL INFO generating core.12711,normal
- 1119807448 2005.06.26 R07-M1-N9-C:J15-U01 2005-06-26-10.37.28.338749 R07-M1-N9-C:J15-U01 RAS KERNEL INFO store operation.............................0,normal
- 1118814473 2005.06.14 R02-M1-N0-C:J12-U11 2005-06-14-22.47.53.840466 R02-M1-N0-C:J12-U11 RAS KERNEL INFO instruction cache parity error corrected,normal
KERNTERM 1124352710 2005.08.18 R31-M0-NC-C:J12-U01 2005-08-18-01.11.50.104376 R31-M0-NC-C:J12-U01 RAS KERNEL FATAL rts: kernel terminated for reason 1001,anomaly
- 1118853072 2005.06.15 R36-M0-N5-C:J07-U11 2005-06-15-09.31.12.502288 R36-M0-N5-C:J07-U11 RAS KERNEL INFO generating core.954,normal
- 1119291080 2005.06.20 R03-M1-N3-C:J06-U11 2005-06-20-11.11.20.934179 R03-M1-N3-C:J06-U11 RAS KERNEL INFO generating core.11218,normal
APPSEV 1126539102 2005.09.12 R77-M0-N4-I:J18-U11 2005-09-12-08.31.42.169128 R77-M0-N4-I:J18-U11 RAS APP FATAL ciod: Error reading message prefix after LOAD_MESSAGE on CioStream socket to 172.16.96.116:41158: Link has been severed,anomaly
- 1133448353 2005.12.01 R62-M0-NC-C:J04-U01 2005-12-01-06.45.53.793378 R62-M0-NC-C:J04-U01 RAS KERNEL INFO 0 microseconds spent in the rbs signal handler during 0 calls. 0 microseconds was the maximum time for a single instance of a correctable ddr.,normal
KERNDTLB 1118558268 2005.06.11 R30-M0-N9-C:J16-U01 2005-06-11-23.37.48.394376 R30-M0-N9-C:J16-U01 RAS KERNEL FATAL data TLB error interrupt,anomaly
- 1120924612 2005.07.09 R23-M0-N5-C:J10-U11 2005-07-09-08.56.52.360276 R23-M0-N5-C:J10-U11 RAS KERNEL INFO generating core.10201,normal
- 1122431298 2005.07.26 R16-M0-NB-C:J09-U11 2005-07-26-19.28.18.125731 R16-M0-NB-C:J09-U11 RAS KERNEL INFO generating core.29290,normal
- 1120094857 2005.06.29 R06-M0-NA-C:J14-U11 2005-06-29-18.27.37.185062 R06-M0-NA-C:J14-U11 RAS KERNEL INFO 344040 double-hummer alignment exceptions,normal
"- 1127034599 2005.09.18 R07-M0-N8-C:J06-U01 2005-09-18-02.09.59.234651 R07-M0-N8-C:J06-U01 RAS KERNEL INFO CE sym 33, at 0x127496e0, mask 0x40",normal
- 1120786976 2005.07.07 R20-M0-N4-C:J13-U11 2005-07-07-18.42.56.450456 R20-M0-N4-C:J13-U11 RAS KERNEL INFO generating core.59645,normal
KERNDTLB 1118550124 2005.06.11 R30-M0-N9-C:J16-U01 2005-06-11-21.22.04.754645 R30-M0-N9-C:J16-U01 RAS KERNEL FATAL data TLB error interrupt,anomaly
KERNDTLB 1118549629 2005.06.11 R30-M0-N9-C:J16-U01 2005-06-11-21.13.49.772118 R30-M0-N9-C:J16-U01 RAS KERNEL FATAL data TLB error interrupt,anomaly
"- 1127456587 2005.09.22 R61-M0-ND-C:J13-U11 2005-09-22-23.23.07.131691 R61-M0-ND-C:J13-U11 RAS KERNEL INFO CE sym 16, at 0x09e3a740, mask 0x08",normal
- 1122430740 2005.07.26 R34-M0-N7-C:J04-U01 2005-07-26-19.19.00.613805 R34-M0-N7-C:J04-U01 RAS KERNEL INFO generating core.33171,normal
- 1131583042 2005.11.09 R63-M0-N1-C:J08-U11 2005-11-09-16.37.22.334578 R63-M0-N1-C:J08-U11 RAS KERNEL INFO iar 00106494 dear 0246db7c,normal
"- 1123914331 2005.08.12 R63-M0-N8-I:J18-U11 2005-08-12-23.25.31.125297 R63-M0-N8-I:J18-U11 RAS APP FATAL ciod: Error loading /bgl/apps/scaletest/performance/MINIBEN/mb_243_0810/allreduce.rts: invalid or missing program image, Exec format error",normal
KERNDTLB 1118554301 2005.06.11 R30-M0-N9-C:J16-U01 2005-06-11-22.31.41.006613 R30-M0-N9-C:J16-U01 RAS KERNEL FATAL data TLB error interrupt,anomaly
- 1131489264 2005.11.08 R62-M0-NE-C:J05-U01 2005-11-08-14.34.24.929299 R62-M0-NE-C:J05-U01 RAS KERNEL INFO iar 00105e78 dear 02f7c76c,normal
- 1120259964 2005.07.01 R37-M0-N7-C:J07-U11 2005-07-01-16.19.24.690757 R37-M0-N7-C:J07-U11 RAS KERNEL INFO 1146800 double-hummer alignment exceptions,normal
- 1131057773 2005.11.03 R61-M0-N0-C:J14-U11 2005-11-03-14.42.53.223617 R61-M0-N0-C:J14-U11 RAS KERNEL INFO 640404 floating point alignment exceptions,normal
KERNDTLB 1118555000 2005.06.11 R30-M0-N9-C:J16-U01 2005-06-11-22.43.20.257523 R30-M0-N9-C:J16-U01 RAS KERNEL FATAL data TLB error interrupt,anomaly
"- 1133455663 2005.12.01 R27-M1-N8-C:J16-U11 2005-12-01-08.47.43.882928 R27-M1-N8-C:J16-U11 RAS KERNEL INFO 10654 total interrupts. 0 critical input interrupts. 0 microseconds total spent on critical input interrupts, 0 microseconds max time in a critical input interrupt.",normal
KERNDTLB 1118548276 2005.06.11 R30-M0-N9-C:J16-U01 2005-06-11-20.51.16.952119 R30-M0-N9-C:J16-U01 RAS KERNEL FATAL data TLB error interrupt,anomaly
- 1121902460 2005.07.20 R34-M0-N9-C:J13-U11 2005-07-20-16.34.20.777895 R34-M0-N9-C:J13-U11 RAS KERNEL INFO 8 floating point alignment exceptions,normal
- 1121313706 2005.07.13 R37-M1-N7-C:J14-U01 2005-07-13-21.01.46.374752 R37-M1-N7-C:J14-U01 RAS KERNEL INFO generating core.25408,normal
KERNDTLB 1118554151 2005.06.11 R30-M0-N9-C:J16-U01 2005-06-11-22.29.11.156131 R30-M0-N9-C:J16-U01 RAS KERNEL FATAL data TLB error interrupt,anomaly
- 1121495779 2005.07.15 R30-M0-NE-C:J08-U11 2005-07-15-23.36.19.991903 R30-M0-NE-C:J08-U11 RAS KERNEL INFO generating core.54,normal
"- 1132323727 2005.11.18 R02-M0-NA-C:J15-U11 2005-11-18-06.22.07.451622 R02-M0-NA-C:J15-U11 RAS KERNEL INFO CE sym 20, at 0x151a8180, mask 0x02",normal
- 1122162228 2005.07.23 R20-M1-NA-C:J04-U01 2005-07-23-16.43.48.772180 R20-M1-NA-C:J04-U01 RAS KERNEL INFO 5 floating point alignment exceptions,normal
- 1120969627 2005.07.09 R35-M0-N6-C:J14-U01 2005-07-09-21.27.07.887780 R35-M0-N6-C:J14-U01 RAS KERNEL INFO generating core.4804,normal
- 1120446978 2005.07.03 R31-M1-N2-C:J10-U01 2005-07-03-20.16.18.463126 R31-M1-N2-C:J10-U01 RAS KERNEL INFO generating core.27205,normal
KERNDTLB 1118537126 2005.06.11 R30-M0-N9-C:J16-U01 2005-06-11-17.45.26.977891 R30-M0-N9-C:J16-U01 RAS KERNEL FATAL data TLB error interrupt,anomaly
- 1118911803 2005.06.16 R30-M1-NF-C:J16-U01 2005-06-16-01.50.03.903007 R30-M1-NF-C:J16-U01 RAS KERNEL INFO generating core.6144,normal
APPCHILD 1119319451 2005.06.20 R00-M0-N4-I:J18-U01 2005-06-20-19.04.11.776473 R00-M0-N4-I:J18-U01 RAS APP FATAL ciod: Error creating node map from file /p/gb2/cabot/miranda/newmaps/8k_128x64x1_8x4x4.map: No child processes,anomaly
- 1133876342 2005.12.06 R12-M0-N0-C:J12-U01 2005-12-06-05.39.02.625511 R12-M0-N0-C:J12-U01 RAS KERNEL FATAL quiet NaN................................0,normal
- 1131060798 2005.11.03 R63-M0-NF-C:J04-U11 2005-11-03-15.33.18.674227 R63-M0-NF-C:J04-U11 RAS KERNEL INFO,normal
- 1119896598 2005.06.27 R22-M0-N0-C:J06-U11 2005-06-27-11.23.18.104258 R22-M0-N0-C:J06-U11 RAS KERNEL INFO generating core.494,normal
KERNDTLB 1118554470 2005.06.11 R30-M0-N9-C:J16-U01 2005-06-11-22.34.30.617831 R30-M0-N9-C:J16-U01 RAS KERNEL FATAL data TLB error interrupt,anomaly
KERNDTLB 1118554610 2005.06.11 R30-M0-N9-C:J16-U01 2005-06-11-22.36.50.883043 R30-M0-N9-C:J16-U01 RAS KERNEL FATAL data TLB error interrupt,anomaly
- 1120091712 2005.06.29 R21-M1-N9-C:J17-U01 2005-06-29-17.35.12.507509 R21-M1-N9-C:J17-U01 RAS KERNEL INFO generating core.12327,normal
KERNDTLB 1118538159 2005.06.11 R30-M0-N9-C:J16-U01 2005-06-11-18.02.39.369014 R30-M0-N9-C:J16-U01 RAS KERNEL FATAL data TLB error interrupt,anomaly
"- 1127264505 2005.09.20 R06-M0-N4-I:J18-U01 2005-09-20-18.01.45.691270 R06-M0-N4-I:J18-U01 RAS APP FATAL ciod: Error loading /home/yates//broadcast.rts: invalid or missing program image, No such file or directory",normal
- 1120146458 2005.06.30 R06-M1-NF-C:J05-U11 2005-06-30-08.47.38.452857 R06-M1-NF-C:J05-U11 RAS KERNEL INFO generating core.1563,normal
- 1119478878 2005.06.22 R25-M1-NC-C:J03-U11 2005-06-22-15.21.18.417021 R25-M1-NC-C:J03-U11 RAS KERNEL INFO 1969920 double-hummer alignment exceptions,normal
- 1131473377 2005.11.08 R62-M0-NA-C:J04-U11 2005-11-08-10.09.37.180669 R62-M0-NA-C:J04-U11 RAS KERNEL INFO iar 001061e8 dear 0247015c,normal
- 1120953251 2005.07.09 R31-M1-N4-C:J10-U11 2005-07-09-16.54.11.749594 R31-M1-N4-C:J10-U11 RAS KERNEL INFO generating core.9813,normal
- 1118631363 2005.06.12 R31-M1-N7-C:J14-U01 2005-06-12-19.56.03.865927 R31-M1-N7-C:J14-U01 RAS KERNEL INFO generating core.4384,normal
KERNDTLB 1118550329 2005.06.11 R30-M0-N9-C:J16-U01 2005-06-11-21.25.29.243141 R30-M0-N9-C:J16-U01 RAS KERNEL FATAL data TLB error interrupt,anomaly
- 1122144075 2005.07.23 R33-M0-N1-C:J12-U01 2005-07-23-11.41.15.499155 R33-M0-N1-C:J12-U01 RAS KERNEL INFO generating core.7617,normal
- 1119055325 2005.06.17 R33-M0-NC-C:J12-U11 2005-06-17-17.42.05.478103 R33-M0-NC-C:J12-U11 RAS KERNEL INFO generating core.10957,normal
APPBUSY 1120908848 2005.07.09 R03-M1-N8-I:J18-U11 2005-07-09-04.34.08.779332 R03-M1-N8-I:J18-U11 RAS APP FATAL ciod: Error creating node map from file /p/gb2/pakin1/sweep3d-5x5x400-10mk-3mmi-1024pes-sweep/sweep.map: Device or resource busy,anomaly
- 1131581460 2005.11.09 R62-M0-NE-C:J16-U01 2005-11-09-16.11.00.253863 R62-M0-NE-C:J16-U01 RAS KERNEL INFO,normal
- 1122430657 2005.07.26 R22-M1-N3-C:J09-U11 2005-07-26-19.17.37.206229 R22-M1-N3-C:J09-U11 RAS KERNEL INFO generating core.5114,normal
- 1131059565 2005.11.03 R66-M1-N3-C:J05-U11 2005-11-03-15.12.45.125646 R66-M1-N3-C:J05-U11 RAS KERNEL INFO iar 00106228 dear 0244c24c,normal
- 1131127254 2005.11.04 R62-M0-N3-C:J06-U11 2005-11-04-10.00.54.756065 R62-M0-N3-C:J06-U11 RAS KERNEL INFO iar 00106704 dear 0245b83c,normal
APPSEV 1127988294 2005.09.29 R74-M1-N4-I:J18-U01 2005-09-29-03.04.54.768701 R74-M1-N4-I:J18-U01 RAS APP FATAL ciod: Error reading message prefix after LOAD_MESSAGE on CioStream socket to 172.16.96.116:34494: Link has been severed,anomaly
- 1120968493 2005.07.09 R32-M1-N3-C:J13-U11 2005-07-09-21.08.13.973356 R32-M1-N3-C:J13-U11 RAS KERNEL INFO generating core.31217,normal
- 1120928179 2005.07.09 R27-M0-N5-C:J02-U01 2005-07-09-09.56.19.176152 R27-M0-N5-C:J02-U01 RAS KERNEL INFO generating core.10059,normal
KERNSTOR 1118767695 2005.06.14 R12-M1-NA-C:J16-U11 2005-06-14-09.48.15.604018 R12-M1-NA-C:J16-U11 RAS KERNEL FATAL data storage interrupt,anomaly
- 1119567459 2005.06.23 R23-M0-NE-C:J11-U01 2005-06-23-15.57.39.140482 R23-M0-NE-C:J11-U01 RAS KERNEL INFO 12364800 double-hummer alignment exceptions,normal
- 1121495570 2005.07.15 R31-M0-N1-C:J03-U01 2005-07-15-23.32.50.572813 R31-M0-N1-C:J03-U01 RAS KERNEL INFO generating core.48339,normal
"- 1130764624 2005.10.31 R53-M0-N4-C:J17-U11 2005-10-31-05.17.04.358899 R53-M0-N4-C:J17-U11 RAS KERNEL INFO CE sym 0, at 0x194d95c0, mask 0x08",normal
"- 1123026792 2005.08.02 UNKNOWN_LOCATION 2005-08-02-16.53.12.832972 UNKNOWN_LOCATION NULL DISCOVERY SEVERE While initializing service card iDo with LP of FF:F2:9F:15:1F:45:00:0D:60:EA:E0:BA caught java.io.IOException: Could not contact iDo with LP=FF:F2:9F:15:1F:45:00:0D:60:EA:E0:BA and IP=/10.0.0.81 because java.lang.RuntimeException: Communication error: (DirectIDo for Uninitialized DirectIDo for FF:F2:9F:15:1F:45:00:0D:60:EA:E0:BA@/10.0.0.81:0 is in state = COMMUNICATION_ERROR, sequenceNumberIsOk = false, ExpectedSequenceNumber = 0, Reply Sequence Number = -1, timedOut = true, retries = 200, timeout = 1000, Expected Op Command = 5, Actual Op Reply = -1, Expected Sync Command = 10, Actual Sync Reply = -1)",normal
- 1133448049 2005.12.01 R51-M1-N1-C:J03-U11 2005-12-01-06.40.49.181325 R51-M1-N1-C:J03-U11 RAS KERNEL INFO 0 microseconds spent in the rbs signal handler during 0 calls. 0 microseconds was the maximum time for a single instance of a correctable ddr.,normal
- 1119803551 2005.06.26 R04-M0-N5-C:J08-U11 2005-06-26-09.32.31.750789 R04-M0-N5-C:J08-U11 RAS KERNEL INFO data store interrupt caused by icbi.........0,normal
"- 1128832816 2005.10.08 R23-M0-N8-C:J15-U11 2005-10-08-21.40.16.441991 R23-M0-N8-C:J15-U11 RAS KERNEL INFO CE sym 5, at 0x13253280, mask 0x04",normal
- 1120447106 2005.07.03 R21-M1-NA-C:J06-U11 2005-07-03-20.18.26.057682 R21-M1-NA-C:J06-U11 RAS KERNEL INFO generating core.23070,normal
- 1118772150 2005.06.14 R26-M0-N1-C:J11-U01 2005-06-14-11.02.30.944730 R26-M0-N1-C:J11-U01 RAS KERNEL FATAL general purpose registers:,normal
"APPSEV 1134630967 2005.12.14 R56-M0-N8-I:J18-U11 2005-12-14-23.16.07.587880 R56-M0-N8-I:J18-U11 RAS APP FATAL ciod: Error reading message prefix on CioStream socket to 172.16.96.116:50583, Link has been severed",anomaly
KERNTERM 1124860925 2005.08.23 R25-M0-NC-C:J16-U01 2005-08-23-22.22.05.889330 R25-M0-NC-C:J16-U01 RAS KERNEL FATAL rts: kernel terminated for reason 1001,anomaly
- 1118769672 2005.06.14 R26-M1-N9-C:J14-U11 2005-06-14-10.21.12.062481 R26-M1-N9-C:J14-U11 RAS KERNEL FATAL program interrupt: illegal instruction......0,normal
KERNMICRO 1125326850 2005.08.29 R51-M1-NA-C:J13-U01 2005-08-29-07.47.30.043111 R51-M1-NA-C:J13-U01 RAS KERNEL FATAL Microloader Assertion,anomaly
- 1135673797 2005.12.27 R37-M1-NC-C:J02-U11 2005-12-27-00.56.37.830803 R37-M1-NC-C:J02-U11 RAS KERNEL INFO instruction cache parity error corrected,normal
KERNTERM 1126219420 2005.09.08 R63-M0-N9-C:J13-U11 2005-09-08-15.43.40.049309 R63-M0-N9-C:J13-U11 RAS KERNEL FATAL rts: kernel terminated for reason 1004,anomaly
- 1131409089 2005.11.07 R62-M0-NF-C:J17-U01 2005-11-07-16.18.09.247719 R62-M0-NF-C:J17-U01 RAS KERNEL INFO iar 00105e84 dear 0244cbdc,normal
- 1118770759 2005.06.14 R20-M0-N7-C:J04-U11 2005-06-14-10.39.19.649474 R20-M0-N7-C:J04-U11 RAS KERNEL FATAL data store interrupt caused by dcbf.........0,normal
KERNSTOR 1118709863 2005.06.13 R05-M0-N8-C:J06-U01 2005-06-13-17.44.23.122706 R05-M0-N8-C:J06-U01 RAS KERNEL FATAL data storage interrupt,anomaly
- 1121903690 2005.07.20 R10-M1-NA-C:J16-U11 2005-07-20-16.54.50.608101 R10-M1-NA-C:J16-U11 RAS KERNEL INFO 8 floating point alignment exceptions,normal
- 1120487399 2005.07.04 R21-M1-ND-C:J10-U01 2005-07-04-07.29.59.325597 R21-M1-ND-C:J10-U01 RAS KERNEL INFO generating core.5641,normal
- 1121599385 2005.07.17 R27-M0-N0-C:J13-U01 2005-07-17-04.23.05.074954 R27-M0-N0-C:J13-U01 RAS KERNEL INFO generating core.56029,normal
KERNDTLB 1118542208 2005.06.11 R30-M0-N9-C:J16-U01 2005-06-11-19.10.08.522415 R30-M0-N9-C:J16-U01 RAS KERNEL FATAL data TLB error interrupt,anomaly
- 1119803027 2005.06.26 R32-M1-N2-C:J17-U01 2005-06-26-09.23.47.236378 R32-M1-N2-C:J17-U01 RAS KERNEL INFO machine check: i-fetch......................0,normal
- 1131489304 2005.11.08 R62-M0-NA-C:J15-U01 2005-11-08-14.35.04.648496 R62-M0-NA-C:J15-U01 RAS KERNEL INFO iar 001061b4 dear 024701dc,normal
KERNDTLB 1118551774 2005.06.11 R30-M0-N9-C:J16-U01 2005-06-11-21.49.34.202218 R30-M0-N9-C:J16-U01 RAS KERNEL FATAL data TLB error interrupt,anomaly
- 1120091849 2005.06.29 R17-M1-NF-C:J07-U01 2005-06-29-17.37.29.426975 R17-M1-NF-C:J07-U01 RAS KERNEL INFO generating core.21796,normal
- 1121256622 2005.07.13 R35-M0-NE-C:J06-U01 2005-07-13-05.10.22.932391 R35-M0-NE-C:J06-U01 RAS KERNEL INFO generating core.9494,normal
- 1119479358 2005.06.22 R21-M0-NB-C:J14-U01 2005-06-22-15.29.18.280850 R21-M0-NB-C:J14-U01 RAS KERNEL INFO 2576000 double-hummer alignment exceptions,normal
- 1120091658 2005.06.29 R36-M0-NB-C:J15-U11 2005-06-29-17.34.18.167672 R36-M0-NB-C:J15-U11 RAS KERNEL INFO generating core.8498,normal
KERNDTLB 1118543475 2005.06.11 R30-M0-N9-C:J16-U01 2005-06-11-19.31.15.924991 R30-M0-N9-C:J16-U01 RAS KERNEL FATAL data TLB error interrupt,anomaly
- 1118772818 2005.06.14 R26-M0-N7-C:J08-U11 2005-06-14-11.13.38.865797 R26-M0-N7-C:J08-U11 RAS KERNEL FATAL special purpose registers:,normal
- 1122579163 2005.07.28 R34-M0-ND-C:J07-U11 2005-07-28-12.32.43.565082 R34-M0-ND-C:J07-U11 RAS KERNEL INFO generating core.1714,normal
- 1119725205 2005.06.25 R20-M0-N9-C:J05-U01 2005-06-25-11.46.45.320706 R20-M0-N9-C:J05-U01 RAS KERNEL INFO generating core.30811,normal
KERNDTLB 1118552243 2005.06.11 R30-M0-N9-C:J16-U01 2005-06-11-21.57.23.394878 R30-M0-N9-C:J16-U01 RAS KERNEL FATAL data TLB error interrupt,anomaly
KERNDTLB 1118557501 2005.06.11 R30-M0-N9-C:J16-U01 2005-06-11-23.25.01.909161 R30-M0-N9-C:J16-U01 RAS KERNEL FATAL data TLB error interrupt,anomaly
- 1118772871 2005.06.14 R20-M0-ND-C:J12-U01 2005-06-14-11.14.31.192275 R20-M0-ND-C:J12-U01 RAS KERNEL FATAL machine check enable..............0,normal
- 1120923659 2005.07.09 R27-M0-N8-C:J07-U01 2005-07-09-08.40.59.743601 R27-M0-N8-C:J07-U01 RAS KERNEL INFO generating core.12078,normal
- 1118843839 2005.06.15 R21-M0-N3-C:J17-U01 2005-06-15-06.57.19.929155 R21-M0-N3-C:J17-U01 RAS KERNEL INFO generating core.2608,normal
- 1122166010 2005.07.23 R15-M0-N5-C:J04-U01 2005-07-23-17.46.50.749965 R15-M0-N5-C:J04-U01 RAS KERNEL INFO generating core.4707,normal
- 1120490371 2005.07.04 R30-M0-N4-C:J15-U11 2005-07-04-08.19.31.024642 R30-M0-N4-C:J15-U11 RAS KERNEL INFO generating core.3316,normal
- 1118710041 2005.06.13 R14-M1-NF-C:J05-U11 2005-06-13-17.47.21.344268 R14-M1-NF-C:J05-U11 RAS KERNEL FATAL instruction address: 0x00004ed8,normal
- 1128947338 2005.10.10 R44-M1-NB 2005-10-10-05.28.58.421749 R44-M1-NB NULL DISCOVERY SEVERE Can not get assembly information for node card,normal
- 1120934732 2005.07.09 R00-M1-NB-C:J15-U11 2005-07-09-11.45.32.649621 R00-M1-NB-C:J15-U11 RAS KERNEL INFO generating core.29792,normal
- 1121901540 2005.07.20 R11-M1-N0-C:J17-U01 2005-07-20-16.19.00.937570 R11-M1-N0-C:J17-U01 RAS KERNEL INFO 8 floating point alignment exceptions,normal
- 1118773666 2005.06.14 R20-M1-NB-C:J12-U11 2005-06-14-11.27.46.986638 R20-M1-NB-C:J12-U11 RAS KERNEL FATAL data address space................0,normal
- 1121901220 2005.07.20 R01-M1-N7-C:J11-U11 2005-07-20-16.13.40.656398 R01-M1-N7-C:J11-U11 RAS KERNEL INFO 8 floating point alignment exceptions,normal
"APPSEV 1134451230 2005.12.12 R57-M1-N4-I:J18-U11 2005-12-12-21.20.30.301949 R57-M1-N4-I:J18-U11 RAS APP FATAL ciod: Error reading message prefix on CioStream socket to 172.16.96.116:48779, Link has been severed",anomaly
KERNDTLB 1118556719 2005.06.11 R30-M0-N9-C:J16-U01 2005-06-11-23.11.59.651554 R30-M0-N9-C:J16-U01 RAS KERNEL FATAL data TLB error interrupt,anomaly
"APPSEV 1132841436 2005.11.24 R20-M1-N8-I:J18-U11 2005-11-24-06.10.36.353597 R20-M1-N8-I:J18-U11 RAS APP FATAL ciod: Error reading message prefix on CioStream socket to 172.16.96.116:47024, Link has been severed",anomaly
- 1121006915 2005.07.10 R35-M1-NA-C:J07-U11 2005-07-10-07.48.35.002821 R35-M1-NA-C:J07-U11 RAS KERNEL INFO generating core.27318,normal
- 1119366020 2005.06.21 R02-M1-N0-C:J12-U11 2005-06-21-08.00.20.277952 R02-M1-N0-C:J12-U11 RAS KERNEL INFO instruction cache parity error corrected,normal
KERNDTLB 1118542935 2005.06.11 R30-M0-N9-C:J16-U01 2005-06-11-19.22.15.110548 R30-M0-N9-C:J16-U01 RAS KERNEL FATAL data TLB error interrupt,anomaly
- 1130898531 2005.11.01 R63-M0-N3-C:J02-U11 2005-11-01-18.28.51.380720 R63-M0-N3-C:J02-U11 RAS KERNEL INFO instruction cache parity error corrected,normal
"- 1125357520 2005.08.29 R51-M1-N8-I:J18-U01 2005-08-29-16.18.40.285345 R51-M1-N8-I:J18-U01 RAS KERNEL INFO NFS Mount failed on bglio670, slept 21 seconds, retrying (1)",normal
- 1120446996 2005.07.03 R22-M0-N7-C:J04-U01 2005-07-03-20.16.36.356912 R22-M0-N7-C:J04-U01 RAS KERNEL INFO generating core.12747,normal
KERNDTLB 1118551737 2005.06.11 R30-M0-N9-C:J16-U01 2005-06-11-21.48.57.549034 R30-M0-N9-C:J16-U01 RAS KERNEL FATAL data TLB error interrupt,anomaly
KERNDTLB 1118557397 2005.06.11 R30-M0-N9-C:J16-U01 2005-06-11-23.23.17.657285 R30-M0-N9-C:J16-U01 RAS KERNEL FATAL data TLB error interrupt,anomaly
KERNMNTF 1125781704 2005.09.03 R76-M1-NC-I:J18-U11 2005-09-03-14.08.24.363050 R76-M1-NC-I:J18-U11 RAS KERNEL FATAL Lustre mount FAILED : bglio1007 : point /p/gb1,anomaly
"- 1132546002 2005.11.20 R41-M1-NB-C:J16-U01 2005-11-20-20.06.42.862807 R41-M1-NB-C:J16-U01 RAS KERNEL INFO CE sym 20, at 0x039ad360, mask 0x01",normal
"- 1127078451 2005.09.18 R05-M1-N4-C:J07-U11 2005-09-18-14.20.51.317658 R05-M1-N4-C:J07-U11 RAS KERNEL INFO CE sym 10, at 0x16a36360, mask 0x04",normal
- 1118354010 2005.06.09 R20-M0-N1-C:J17-U01 2005-06-09-14.53.30.358521 R20-M0-N1-C:J17-U01 RAS KERNEL INFO generating core.3888,normal
- 1127265600 2005.09.20 R34-M1-N8-I:J18-U11 2005-09-20-18.20.00.292992 R34-M1-N8-I:J18-U11 RAS APP FATAL ciod: LOGIN chdir(/bgl/apps/SWL/performance/MINIBEN///2005.09.20-18.06.05) failed: No such file or directory,normal
- 1131141884 2005.11.04 R62-M0-N9-C:J07-U01 2005-11-04-14.04.44.918954 R62-M0-N9-C:J07-U01 RAS KERNEL INFO iar 00100798 dear 0659c5bc,normal
KERNDTLB 1118556453 2005.06.11 R30-M0-N9-C:J16-U01 2005-06-11-23.07.33.967301 R30-M0-N9-C:J16-U01 RAS KERNEL FATAL data TLB error interrupt,anomaly
- 1118765893 2005.06.14 R02-M0-N7-C:J04-U01 2005-06-14-09.18.13.930362 R02-M0-N7-C:J04-U01 RAS KERNEL FATAL instruction address: 0x00004ed8,normal
- 1120935429 2005.07.09 R32-M1-N0-C:J10-U11 2005-07-09-11.57.09.762744 R32-M1-N0-C:J10-U11 RAS KERNEL INFO generating core.65461,normal
- 1117976596 2005.06.05 R37-M0-N9-C:J02-U11 2005-06-05-06.03.16.403635 R37-M0-N9-C:J02-U11 RAS KERNEL INFO generating core.3979,normal
"- 1121257983 2005.07.13 R03-M0-N3-C:J02-U11 2005-07-13-05.33.03.715433 R03-M0-N3-C:J02-U11 RAS KERNEL INFO CE sym 33, at 0x00dbd200, mask 0x80",normal
- 1131058468 2005.11.03 R66-M0-NB-C:J15-U11 2005-11-03-14.54.28.799408 R66-M0-NB-C:J15-U11 RAS KERNEL INFO iar 00106210 dear 0244c20c,normal
- 1133448585 2005.12.01 R46-M1-N3-C:J10-U11 2005-12-01-06.49.45.178100 R46-M1-N3-C:J10-U11 RAS KERNEL INFO 0 microseconds spent in the rbs signal handler during 0 calls. 0 microseconds was the maximum time for a single instance of a correctable ddr.,normal
- 1131060697 2005.11.03 R66-M1-N6-C:J11-U11 2005-11-03-15.31.37.476654 R66-M1-N6-C:J11-U11 RAS KERNEL INFO iar 00106568 dear 02494c1c,normal
"- 1123730867 2005.08.10 R57-M0-N3-C:J03-U11 2005-08-10-20.27.47.179565 R57-M0-N3-C:J03-U11 RAS KERNEL INFO CE sym 9, at 0x0defbf60, mask 0x80",normal
- 1124722051 2005.08.22 R50-M0-N0-I:J18-U11 2005-08-22-07.47.31.538805 R50-M0-N0-I:J18-U11 RAS APP FATAL ciod: LOGIN chdir(/home/germann2/SPaSM_static) failed: No such file or directory,normal
- 1122162138 2005.07.23 R20-M0-N2-C:J11-U01 2005-07-23-16.42.18.837260 R20-M0-N2-C:J11-U01 RAS KERNEL INFO 5 floating point alignment exceptions,normal
KERNSTOR 1118709781 2005.06.13 R16-M0-NC-C:J05-U01 2005-06-13-17.43.01.471822 R16-M0-NC-C:J05-U01 RAS KERNEL FATAL data storage interrupt,anomaly
"- 1132700280 2005.11.22 R67-M1-NC-I:J18-U11 2005-11-22-14.58.00.869051 R67-M1-NC-I:J18-U11 RAS KERNEL INFO ciod: Received signal 15, code=0, errno=0, address=0x000001f2",normal
- 1121312350 2005.07.13 R37-M1-N8-C:J17-U11 2005-07-13-20.39.10.855168 R37-M1-N8-C:J17-U11 RAS KERNEL INFO generating core.11572,normal
- 1125667926 2005.09.02 R65-M0-N8-I:J18-U11 2005-09-02-06.32.06.815247 R65-M0-N8-I:J18-U11 RAS APP FATAL ciod: LOGIN chdir(/bglscratch/bwallen/SWL/SYS-CALLS/testcases/kernel/syscalls/setitimer) failed: No such file or directory,normal
- 1121311429 2005.07.13 R20-M0-N4-C:J08-U11 2005-07-13-20.23.49.102988 R20-M0-N4-C:J08-U11 RAS KERNEL INFO generating core.29790,normal
- 1120146170 2005.06.30 R16-M0-N0-C:J02-U11 2005-06-30-08.42.50.964460 R16-M0-N0-C:J02-U11 RAS KERNEL INFO generating core.32431,normal
- 1131127631 2005.11.04 R62-M0-N8-C:J09-U11 2005-11-04-10.07.11.583398 R62-M0-N8-C:J09-U11 RAS KERNEL INFO iar 00106704 dear 0245b74c,normal
KERNDTLB 1118542814 2005.06.11 R30-M0-N9-C:J16-U01 2005-06-11-19.20.14.867855 R30-M0-N9-C:J16-U01 RAS KERNEL FATAL data TLB error interrupt,anomaly
- 1120490381 2005.07.04 R14-M1-NC-C:J09-U01 2005-07-04-08.19.41.929997 R14-M1-NC-C:J09-U01 RAS KERNEL INFO generating core.2382,normal
- 1121598061 2005.07.17 R26-M1-NA-C:J08-U01 2005-07-17-04.01.01.515279 R26-M1-NA-C:J08-U01 RAS KERNEL INFO generating core.37406,normal
- 1120786672 2005.07.07 R36-M0-N6-C:J09-U11 2005-07-07-18.37.52.016276 R36-M0-N6-C:J09-U11 RAS KERNEL INFO generating core.758,normal
- 1120953333 2005.07.09 R26-M0-NC-C:J05-U01 2005-07-09-16.55.33.909519 R26-M0-NC-C:J05-U01 RAS KERNEL INFO generating core.13615,normal
- 1118852754 2005.06.15 R02-M1-N0-C:J12-U11 2005-06-15-09.25.54.545370 R02-M1-N0-C:J12-U11 RAS KERNEL INFO instruction cache parity error corrected,normal
KERNDTLB 1118541624 2005.06.11 R30-M0-N9-C:J16-U01 2005-06-11-19.00.24.943494 R30-M0-N9-C:J16-U01 RAS KERNEL FATAL data TLB error interrupt,anomaly
- 1121172274 2005.07.12 R34-M0-N9-C:J07-U01 2005-07-12-05.44.34.134413 R34-M0-N9-C:J07-U01 RAS KERNEL INFO generating core.3746,normal
- 1117839252 2005.06.03 R02-M1-N0-C:J12-U11 2005-06-03-15.54.12.579958 R02-M1-N0-C:J12-U11 RAS KERNEL INFO instruction cache parity error corrected,normal
- 1117985735 2005.06.05 R14-M1-N3-C:J14-U01 2005-06-05-08.35.35.000729 R14-M1-N3-C:J14-U01 RAS KERNEL INFO generating core.1376,normal
- 1122162059 2005.07.23 R36-M0-N2-C:J08-U11 2005-07-23-16.40.59.164793 R36-M0-N2-C:J08-U11 RAS KERNEL INFO 5 floating point alignment exceptions,normal
- 1121308515 2005.07.13 R05-M0-NF-C:J16-U11 2005-07-13-19.35.15.026063 R05-M0-NF-C:J16-U11 RAS KERNEL INFO generating core.1096,normal
- 1120932418 2005.07.09 R04-M0-N9-C:J12-U11 2005-07-09-11.06.58.412365 R04-M0-N9-C:J12-U11 RAS KERNEL INFO generating core.6433,normal
- 1123183105 2005.08.04 R76-M1-NA 2005-08-04-12.18.25.096726 R76-M1-NA NULL DISCOVERY ERROR Node card status: no ALERTs are active. Clock Mode is Low. Clock Select is Midplane. Phy JTAG Reset is asserted. ASIC JTAG Reset is asserted. Temperature Mask is not active. No temperature error. Temperature Limit Error Latch is clear. PGOOD IS NOT ASSERTED. PGOOD ERROR LATCH IS ACTIVE. MPGOOD IS NOT OK. MPGOOD ERROR LATCH IS ACTIVE. The 2.5 volt rail is OK. The 1.5 volt rail is OK.,normal
- 1120217095 2005.07.01 R14-M1-N5-C:J03-U01 2005-07-01-04.24.55.211194 R14-M1-N5-C:J03-U01 RAS KERNEL INFO generating core.883,normal
KERNSTOR 1118768201 2005.06.14 R04-M1-NC-C:J13-U01 2005-06-14-09.56.41.843665 R04-M1-NC-C:J13-U01 RAS KERNEL FATAL data storage interrupt,anomaly
KERNMNTF 1126198169 2005.09.08 R50-M0-N4-I:J18-U11 2005-09-08-09.49.29.056605 R50-M0-N4-I:J18-U11 RAS KERNEL FATAL Lustre mount FAILED : bglio643 : point /p/gb1,anomaly
- 1119726342 2005.06.25 R15-M1-N3-C:J17-U11 2005-06-25-12.05.42.840630 R15-M1-N3-C:J17-U11 RAS KERNEL INFO generating core.6392,normal
- 1118769607 2005.06.14 R27-M0-NE-C:J06-U11 2005-06-14-10.20.07.832234 R27-M0-NE-C:J06-U11 RAS KERNEL FATAL machine check: i-fetch......................0,normal
- 1122163126 2005.07.23 R30-M0-N7-C:J13-U01 2005-07-23-16.58.46.545731 R30-M0-N7-C:J13-U01 RAS KERNEL INFO generating core.209,normal
- 1131129676 2005.11.04 R62-M0-NC-C:J04-U01 2005-11-04-10.41.16.661593 R62-M0-NC-C:J04-U01 RAS KERNEL INFO iar 00106370 dear 0246a96c,normal
APPSEV 1132583932 2005.11.21 R51-M1-NC-I:J18-U01 2005-11-21-06.38.52.699507 R51-M1-NC-I:J18-U01 RAS APP FATAL ciod: Error reading message prefix after LOAD_MESSAGE on CioStream socket to 172.16.96.116:43935: Link has been severed,anomaly
KERNTERM 1131486126 2005.11.08 R63-M0-N2-C:J06-U11 2005-11-08-13.42.06.967521 R63-M0-N2-C:J06-U11 RAS KERNEL FATAL rts: kernel terminated for reason 1004,anomaly
- 1125083030 2005.08.26 R62-M1-NC-C:J11-U11 2005-08-26-12.03.50.964007 R62-M1-NC-C:J11-U11 RAS KERNEL INFO iar 003a92a0 dear 00b35f58,normal
- 1131125493 2005.11.04 R62-M0-N9-C:J09-U11 2005-11-04-09.31.33.283085 R62-M0-N9-C:J09-U11 RAS KERNEL INFO iar 0010681c dear 02f692dc,normal
APPREAD 1118698326 2005.06.13 R11-M0-N8-I:J18-U01 2005-06-13-14.32.06.957376 R11-M0-N8-I:J18-U01 RAS APP FATAL ciod: failed to read message prefix on control stream (CioStream socket to 172.16.96.116:45921,anomaly
KERNDTLB 1118544985 2005.06.11 R30-M0-N9-C:J16-U01 2005-06-11-19.56.25.770440 R30-M0-N9-C:J16-U01 RAS KERNEL FATAL data TLB error interrupt,anomaly
- 1120150867 2005.06.30 R05-M0-NA-C:J14-U11 2005-06-30-10.01.07.125493 R05-M0-NA-C:J14-U11 RAS KERNEL INFO generating core.1740,normal
- 1120953284 2005.07.09 R26-M0-ND-C:J05-U01 2005-07-09-16.54.44.880527 R26-M0-ND-C:J05-U01 RAS KERNEL INFO generating core.13611,normal
KERNSTOR 1118709527 2005.06.13 R00-M0-N2-C:J05-U11 2005-06-13-17.38.47.133871 R00-M0-N2-C:J05-U11 RAS KERNEL FATAL data storage interrupt,anomaly
- 1120188629 2005.06.30 R01-M1-ND-C:J03-U01 2005-06-30-20.30.29.773118 R01-M1-ND-C:J03-U01 RAS KERNEL INFO total of 7 ddr error(s) detected and corrected,normal
KERNSTOR 1118765328 2005.06.14 R03-M0-N1-C:J03-U11 2005-06-14-09.08.48.686770 R03-M0-N1-C:J03-U11 RAS KERNEL FATAL data storage interrupt,anomaly
- 1133448591 2005.12.01 R46-M0-ND-C:J11-U11 2005-12-01-06.49.51.015659 R46-M0-ND-C:J11-U11 RAS KERNEL INFO 0 microseconds spent in the rbs signal handler during 0 calls. 0 microseconds was the maximum time for a single instance of a correctable ddr.,normal
KERNDTLB 1118556889 2005.06.11 R30-M0-N9-C:J16-U01 2005-06-11-23.14.49.321748 R30-M0-N9-C:J16-U01 RAS KERNEL FATAL data TLB error interrupt,anomaly
- 1118772535 2005.06.14 R24-M0-NA-C:J08-U01 2005-06-14-11.08.55.123617 R24-M0-NA-C:J08-U01 RAS KERNEL FATAL external input interrupt enable...0,normal
- 1125220105 2005.08.28 R77-M1-N0-C:J02-U11 2005-08-28-02.08.25.972454 R77-M1-N0-C:J02-U11 RAS KERNEL INFO 131046222 double-hummer alignment exceptions,normal
"- 1133355411 2005.11.30 R46-M1-NC-I:J18-U11 2005-11-30-04.56.51.429799 R46-M1-NC-I:J18-U11 RAS KERNEL INFO ciod: Received signal 15, code=0, errno=0, address=0x000001f2",normal
"- 1131062841 2005.11.03 R56-M0-ND-C:J06-U11 2005-11-03-16.07.21.153560 R56-M0-ND-C:J06-U11 RAS KERNEL INFO CE sym 33, at 0x106f1ee0, mask 0x08",normal
"- 1132960577 2005.11.25 R62-M0-N0-I:J18-U11 2005-11-25-15.16.17.641835 R62-M0-N0-I:J18-U11 RAS KERNEL INFO ciod: Received signal 15, code=0, errno=0, address=0x000001f2",normal
"- 1133448451 2005.12.01 R74-M1-N5-C:J17-U01 2005-12-01-06.47.31.211884 R74-M1-N5-C:J17-U01 RAS KERNEL INFO 10740 total interrupts. 0 critical input interrupts. 0 microseconds total spent on critical input interrupts, 0 microseconds max time in a critical input interrupt.",normal
KERNSTOR 1118709445 2005.06.13 R13-M1-NA-C:J12-U11 2005-06-13-17.37.25.388998 R13-M1-NA-C:J12-U11 RAS KERNEL FATAL data storage interrupt,anomaly
- 1129552696 2005.10.17 R02-M0-N4-C:J04-U11 2005-10-17-05.38.16.348272 R02-M0-N4-C:J04-U11 RAS KERNEL INFO data cache search parity error detected. attempting to correct,normal
KERNDTLB 1118536542 2005.06.11 R30-M0-N9-C:J16-U01 2005-06-11-17.35.42.960056 R30-M0-N9-C:J16-U01 RAS KERNEL FATAL data TLB error interrupt,anomaly
- 1120968640 2005.07.09 R34-M0-N8-C:J10-U11 2005-07-09-21.10.40.114727 R34-M0-N8-C:J10-U11 RAS KERNEL INFO generating core.20117,normal
- 1121256674 2005.07.13 R35-M0-NA-C:J16-U11 2005-07-13-05.11.14.106485 R35-M0-NA-C:J16-U11 RAS KERNEL INFO generating core.12596,normal
- 1120776216 2005.07.07 R24-M0-NF-C:J06-U11 2005-07-07-15.43.36.526141 R24-M0-NF-C:J06-U11 RAS KERNEL INFO 626094960 double-hummer alignment exceptions,normal
- 1121308540 2005.07.13 R04-M0-N0-C:J13-U11 2005-07-13-19.35.40.765901 R04-M0-N0-C:J13-U11 RAS KERNEL INFO generating core.893,normal
KERNDTLB 1118540329 2005.06.11 R30-M0-N9-C:J16-U01 2005-06-11-18.38.49.480267 R30-M0-N9-C:J16-U01 RAS KERNEL FATAL data TLB error interrupt,anomaly
- 1120956540 2005.07.09 R21-M1-N1-C:J04-U11 2005-07-09-17.49.00.152695 R21-M1-N1-C:J04-U11 RAS KERNEL INFO generating core.7259,normal
- 1118771320 2005.06.14 R26-M0-N1-C:J06-U01 2005-06-14-10.48.40.420511 R26-M0-N1-C:J06-U01 RAS KERNEL FATAL floating pt ex mode 1 enable......0,normal
- 1120145101 2005.06.30 R20-M1-N1-C:J07-U11 2005-06-30-08.25.01.582998 R20-M1-N1-C:J07-U11 RAS KERNEL INFO generating core.7418,normal
- 1119807538 2005.06.26 R03-M1-NB-C:J14-U01 2005-06-26-10.38.58.091032 R03-M1-NB-C:J14-U01 RAS KERNEL INFO data store interrupt caused by icbi.........0,normal
"- 1133447722 2005.12.01 R00-M1-N3-C:J15-U11 2005-12-01-06.35.22.315814 R00-M1-N3-C:J15-U11 RAS KERNEL INFO 10726 total interrupts. 0 critical input interrupts. 0 microseconds total spent on critical input interrupts, 0 microseconds max time in a critical input interrupt.",normal
KERNDTLB 1118550666 2005.06.11 R30-M0-N9-C:J16-U01 2005-06-11-21.31.06.227920 R30-M0-N9-C:J16-U01 RAS KERNEL FATAL data TLB error interrupt,anomaly
- 1121312061 2005.07.13 R30-M1-NA-C:J12-U11 2005-07-13-20.34.21.553275 R30-M1-NA-C:J12-U11 RAS KERNEL INFO generating core.14357,normal
KERNDTLB 1118538981 2005.06.11 R30-M0-N9-C:J16-U01 2005-06-11-18.16.21.538665 R30-M0-N9-C:J16-U01 RAS KERNEL FATAL data TLB error interrupt,anomaly
KERNDTLB 1118553008 2005.06.11 R30-M0-N9-C:J16-U01 2005-06-11-22.10.08.903578 R30-M0-N9-C:J16-U01 RAS KERNEL FATAL data TLB error interrupt,anomaly
- 1120490381 2005.07.04 R14-M1-N4-C:J02-U01 2005-07-04-08.19.41.309597 R14-M1-N4-C:J02-U01 RAS KERNEL INFO generating core.3471,normal
KERNMNTF 1125548801 2005.08.31 R00-M1-N8-I:J18-U11 2005-08-31-21.26.41.359779 R00-M1-N8-I:J18-U11 RAS KERNEL FATAL Lustre mount FAILED : bglio13 : block_id : location,anomaly
- 1131125480 2005.11.04 R62-M0-N7-C:J14-U01 2005-11-04-09.31.20.979542 R62-M0-N7-C:J14-U01 RAS KERNEL INFO iar 00106818 dear 0245ccdc,normal
APPSEV 1126351121 2005.09.10 R70-M0-NC-I:J18-U11 2005-09-10-04.18.41.801339 R70-M0-NC-I:J18-U11 RAS APP FATAL ciod: Error reading message prefix after LOGIN_MESSAGE on CioStream socket to 172.16.96.116:42615: Link has been severed,anomaly
KERNSTOR 1118709670 2005.06.13 R07-M1-N6-C:J09-U01 2005-06-13-17.41.10.726266 R07-M1-N6-C:J09-U01 RAS KERNEL FATAL data storage interrupt,anomaly
KERNDTLB 1118554932 2005.06.11 R30-M0-N9-C:J16-U01 2005-06-11-22.42.12.908053 R30-M0-N9-C:J16-U01 RAS KERNEL FATAL data TLB error interrupt,anomaly
- 1125224546 2005.08.28 R51-M1-N0-C:J10-U01 2005-08-28-03.22.26.510592 R51-M1-N0-C:J10-U01 RAS KERNEL INFO iar 0014a150 dear 009a36b8,normal
KERNSTOR 1118766702 2005.06.14 R25-M0-N2-C:J03-U01 2005-06-14-09.31.42.282395 R25-M0-N2-C:J03-U01 RAS KERNEL FATAL data storage interrupt,anomaly
- 1133663083 2005.12.03 R21-M1-NA 2005-12-03-18.24.43.029357 R21-M1-NA NULL DISCOVERY ERROR Node card status: no ALERTs are active. Clock Mode is Low. Clock Select is Midplane. Phy JTAG Reset is asserted. ASIC JTAG Reset is asserted. Temperature Mask is not active. No temperature error. Temperature Limit Error Latch is clear. PGOOD IS NOT ASSERTED. PGOOD ERROR LATCH IS ACTIVE. MPGOOD IS NOT OK. MPGOOD ERROR LATCH IS ACTIVE. The 2.5 volt rail is OK. The 1.5 volt rail is OK.,normal
APPSEV 1126476877 2005.09.11 R36-M1-N8-I:J18-U11 2005-09-11-15.14.37.771282 R36-M1-N8-I:J18-U11 RAS APP FATAL ciod: Error reading message prefix after LOAD_MESSAGE on CioStream socket to 172.16.96.116:57103: Link has been severed,anomaly
- 1122574067 2005.07.28 R36-M1-N5-C:J17-U11 2005-07-28-11.07.47.201884 R36-M1-N5-C:J17-U11 RAS KERNEL INFO generating core.13680,normal
KERNSTOR 1118767804 2005.06.14 R04-M0-N5-C:J08-U11 2005-06-14-09.50.04.580521 R04-M0-N5-C:J08-U11 RAS KERNEL FATAL data storage interrupt,anomaly
- 1121313981 2005.07.13 R30-M1-N3-C:J05-U11 2005-07-13-21.06.21.542589 R30-M1-N3-C:J05-U11 RAS KERNEL INFO generating core.30835,normal
- 1121902503 2005.07.20 R30-M0-NF-C:J12-U01 2005-07-20-16.35.03.214148 R30-M0-NF-C:J12-U01 RAS KERNEL INFO 8 floating point alignment exceptions,normal
- 1120917271 2005.07.09 R10-M0-NF-C:J10-U01 2005-07-09-06.54.31.659738 R10-M0-NF-C:J10-U01 RAS KERNEL INFO generating core.14593,normal
- 1121904567 2005.07.20 R32-M0-NF-C:J08-U11 2005-07-20-17.09.27.440141 R32-M0-NF-C:J08-U11 RAS KERNEL INFO 8 floating point alignment exceptions,normal
- 1117955365 2005.06.05 R25-M1-NB-C:J07-U11 2005-06-05-00.09.25.351116 R25-M1-NB-C:J07-U11 RAS KERNEL INFO generating core.1754,normal
"- 1130766813 2005.10.31 R66-M1-NA-C:J08-U01 2005-10-31-05.53.33.705075 R66-M1-NA-C:J08-U01 RAS KERNEL INFO CE sym 11, at 0x13a33060, mask 0x10",normal
- 1131125987 2005.11.04 R62-M0-N0-C:J13-U01 2005-11-04-09.39.47.826843 R62-M0-N0-C:J13-U01 RAS KERNEL INFO iar 00106b8c dear 0245cd9c,normal
"- 1127243339 2005.09.20 NULL 2005-09-20-12.08.59.318674 NULL RAS MMCS ERROR idoproxydb hit ASSERT condition: ASSERT expression=0 Source file=idotransportmgr.cpp Source line=1043 Function=int IdoTransportMgr::SendPacket(IdoUdpMgr*, BglCtlPavTrace*)",normal
- 1124547165 2005.08.20 R67-M1-NC-I:J18-U01 2005-08-20-07.12.45.193651 R67-M1-NC-I:J18-U01 RAS KERNEL INFO ciod: generated 64 core files for program /bgl/apps/swl-prep/ibm-swl/functional/sppm_chkpt/run/sppm,normal
- 1121007047 2005.07.10 R30-M1-N8-C:J02-U11 2005-07-10-07.50.47.431536 R30-M1-N8-C:J02-U11 RAS KERNEL INFO generating core.32279,normal
- 1118812348 2005.06.14 R02-M1-N0-C:J12-U11 2005-06-14-22.12.28.029993 R02-M1-N0-C:J12-U11 RAS KERNEL INFO instruction cache parity error corrected,normal
- 1131061815 2005.11.03 R62-M0-N0-C:J14-U01 2005-11-03-15.50.15.197418 R62-M0-N0-C:J14-U01 RAS KERNEL INFO iar 00106580 dear 045e145c,normal
KERNSTOR 1118709612 2005.06.13 R04-M1-N1-C:J06-U11 2005-06-13-17.40.12.939843 R04-M1-N1-C:J06-U11 RAS KERNEL FATAL data storage interrupt,anomaly
- 1131474340 2005.11.08 R62-M0-N9-C:J05-U11 2005-11-08-10.25.40.262784 R62-M0-N9-C:J05-U11 RAS KERNEL INFO iar 001061e8 dear 0247018c,normal
"- 1123541510 2005.08.08 R72-M0-NF 2005-08-08-15.51.50.814683 R72-M0-NF NULL DISCOVERY INFO Node card VPD check: U11 node in processor card slot J17 do not match. VPD ecid 07510D50DC2FFFFF0E041AB10ECF, found 04C47E30D22FFFFF0C0D1BB098E1",normal
- 1121496241 2005.07.15 R16-M1-NF-C:J06-U11 2005-07-15-23.44.01.945622 R16-M1-NF-C:J06-U11 RAS KERNEL INFO generating core.34346,normal
- 1120772084 2005.07.07 R00-M1-N9-C:J08-U11 2005-07-07-14.34.44.905899 R00-M1-N9-C:J08-U11 RAS KERNEL INFO generating core.3850,normal
- 1131058105 2005.11.03 R67-M0-N7-C:J03-U11 2005-11-03-14.48.25.979737 R67-M0-N7-C:J03-U11 RAS KERNEL INFO 640404 floating point alignment exceptions,normal
- 1133645273 2005.12.03 R77-M1-NC-I:J18-U11 2005-12-03-13.27.53.813641 R77-M1-NC-I:J18-U11 RAS APP FATAL ciod: LOGIN chdir(/p/gb/rfisher/StirTurbDirect/16) failed: No such file or directory,normal
- 1121007026 2005.07.10 R31-M1-N8-C:J11-U11 2005-07-10-07.50.26.460281 R31-M1-N8-C:J11-U11 RAS KERNEL INFO generating core.11829,normal
KERNMNTF 1125030902 2005.08.25 R20-M1-N8-I:J18-U11 2005-08-25-21.35.02.771504 R20-M1-N8-I:J18-U11 RAS KERNEL FATAL Lustre mount FAILED : bglio269 : block_id : location,anomaly
- 1119806994 2005.06.26 R00-M0-N6-C:J05-U01 2005-06-26-10.29.54.915538 R00-M0-N6-C:J05-U01 RAS KERNEL INFO instruction address: 0x0062fe04,normal
- 1121902503 2005.07.20 R25-M1-N7-C:J09-U01 2005-07-20-16.35.03.990425 R25-M1-N7-C:J09-U01 RAS KERNEL INFO 8 floating point alignment exceptions,normal
- 1121311213 2005.07.13 R30-M1-N2-C:J04-U01 2005-07-13-20.20.13.472970 R30-M1-N2-C:J04-U01 RAS KERNEL INFO generating core.14407,normal
- 1135631636 2005.12.26 R73-M1-N4-I:J18-U01 2005-12-26-13.13.56.387352 R73-M1-N4-I:J18-U01 RAS KERNEL INFO ciod: generated 64 core files for program /g/g12/rfisher/FLASH3/object/flash3,normal
"APPSEV 1134631106 2005.12.14 R31-M1-N8-I:J18-U11 2005-12-14-23.18.26.972077 R31-M1-N8-I:J18-U11 RAS APP FATAL ciod: Error reading message prefix on CioStream socket to 172.16.96.116:50279, Link has been severed",anomaly
- 1120969134 2005.07.09 R37-M1-NB-C:J04-U01 2005-07-09-21.18.54.553395 R37-M1-NB-C:J04-U01 RAS KERNEL INFO generating core.10499,normal
- 1121311157 2005.07.13 R25-M0-NB-C:J05-U01 2005-07-13-20.19.17.287599 R25-M0-NB-C:J05-U01 RAS KERNEL INFO generating core.10411,normal
- 1125222506 2005.08.28 R46-M1-NB-C:J17-U01 2005-08-28-02.48.26.762035 R46-M1-NB-C:J17-U01 RAS KERNEL INFO 36427436 double-hummer alignment exceptions,normal
"APPSEV 1134573505 2005.12.14 R17-M1-N0-I:J18-U11 2005-12-14-07.18.25.931406 R17-M1-N0-I:J18-U11 RAS APP FATAL ciod: Error reading message prefix on CioStream socket to 172.16.96.116:45826, Link has been severed",anomaly
- 1121901557 2005.07.20 R07-M1-N8-C:J10-U01 2005-07-20-16.19.17.358996 R07-M1-N8-C:J10-U01 RAS KERNEL INFO 8 floating point alignment exceptions,normal
- 1120469728 2005.07.04 R34-M0-NA-C:J12-U01 2005-07-04-02.35.28.665587 R34-M0-NA-C:J12-U01 RAS KERNEL INFO generating core.2181,normal
KERNDTLB 1118541338 2005.06.11 R30-M0-N9-C:J16-U01 2005-06-11-18.55.38.319600 R30-M0-N9-C:J16-U01 RAS KERNEL FATAL data TLB error interrupt,anomaly
- 1122165896 2005.07.23 R13-M0-N2-C:J07-U01 2005-07-23-17.44.56.903827 R13-M0-N2-C:J07-U01 RAS KERNEL INFO generating core.5622,normal
KERNMNTF 1125552544 2005.08.31 R11-M0-N8-I:J18-U01 2005-08-31-22.29.04.262322 R11-M0-N8-I:J18-U01 RAS KERNEL FATAL Lustre mount FAILED : bglio154 : point /p/gb1,anomaly
KERNRTSP 1118773028 2005.06.14 R26-M0-NC-C:J13-U01 2005-06-14-11.17.08.195757 R26-M0-NC-C:J13-U01 RAS KERNEL FATAL rts panic! - stopping execution,anomaly
- 1122579218 2005.07.28 R30-M0-N7-C:J16-U01 2005-07-28-12.33.38.884985 R30-M0-N7-C:J16-U01 RAS KERNEL INFO generating core.64,normal
- 1121902582 2005.07.20 R15-M1-N5-C:J16-U11 2005-07-20-16.36.22.210828 R15-M1-N5-C:J16-U11 RAS KERNEL INFO 8 floating point alignment exceptions,normal
- 1122576522 2005.07.28 R25-M1-N7-C:J16-U01 2005-07-28-11.48.42.054646 R25-M1-N7-C:J16-U01 RAS KERNEL INFO generating core.4296,normal
KERNDTLB 1118537269 2005.06.11 R30-M0-N9-C:J16-U01 2005-06-11-17.47.49.488780 R30-M0-N9-C:J16-U01 RAS KERNEL FATAL data TLB error interrupt,anomaly
- 1121597841 2005.07.17 R36-M0-N3-C:J17-U01 2005-07-17-03.57.21.451637 R36-M0-N3-C:J17-U01 RAS KERNEL INFO generating core.4816,normal
KERNTERM 1124265074 2005.08.17 R66-M0-NC-C:J16-U01 2005-08-17-00.51.14.740397 R66-M0-NC-C:J16-U01 RAS KERNEL FATAL rts: kernel terminated for reason 1001,anomaly
KERNDTLB 1118544394 2005.06.11 R30-M0-N9-C:J16-U01 2005-06-11-19.46.34.674823 R30-M0-N9-C:J16-U01 RAS KERNEL FATAL data TLB error interrupt,anomaly
- 1121308472 2005.07.13 R33-M0-N3-C:J15-U11 2005-07-13-19.34.32.241588 R33-M0-N3-C:J15-U11 RAS KERNEL INFO generating core.23536,normal
- 1122147290 2005.07.23 R00-M1-N5-C:J17-U11 2005-07-23-12.34.50.619309 R00-M1-N5-C:J17-U11 RAS KERNEL INFO 15 floating point alignment exceptions,normal
"- 1123677992 2005.08.10 R63-M1-NE-C:J09-U01 2005-08-10-05.46.32.842126 R63-M1-NE-C:J09-U01 RAS KERNEL INFO 1 ddr errors(s) detected and corrected on rank 0, symbol 15, bit 5",normal
- 1133454718 2005.12.01 R50-M1-NF-C:J09-U01 2005-12-01-08.31.58.731836 R50-M1-NF-C:J09-U01 RAS KERNEL INFO 0 microseconds spent in the rbs signal handler during 0 calls. 0 microseconds was the maximum time for a single instance of a correctable ddr.,normal
KERNDTLB 1118548932 2005.06.11 R30-M0-N9-C:J16-U01 2005-06-11-21.02.12.372440 R30-M0-N9-C:J16-U01 RAS KERNEL FATAL data TLB error interrupt,anomaly
- 1120935034 2005.07.09 R07-M0-NF-C:J15-U01 2005-07-09-11.50.34.868822 R07-M0-NF-C:J15-U01 RAS KERNEL INFO generating core.9792,normal
- 1121598131 2005.07.17 R27-M1-N1-C:J13-U11 2005-07-17-04.02.11.658395 R27-M1-N1-C:J13-U11 RAS KERNEL INFO generating core.15097,normal
- 1130052573 2005.10.23 R20-M0-ND-C:J13-U11 2005-10-23-00.29.33.067312 R20-M0-ND-C:J13-U11 RAS KERNEL FATAL machine check status register: 0x82000000,normal
- 1118770117 2005.06.14 R26-M1-N4-C:J16-U01 2005-06-14-10.28.37.029312 R26-M1-N4-C:J16-U01 RAS KERNEL FATAL data store interrupt caused by icbi.........0,normal
"- 1133448306 2005.12.01 R72-M0-N7-C:J14-U01 2005-12-01-06.45.06.594331 R72-M0-N7-C:J14-U01 RAS KERNEL INFO 10768 total interrupts. 0 critical input interrupts. 0 microseconds total spent on critical input interrupts, 0 microseconds max time in a critical input interrupt.",normal
- 1121493956 2005.07.15 R37-M1-NA-C:J11-U11 2005-07-15-23.05.56.462291 R37-M1-NA-C:J11-U11 RAS KERNEL INFO generating core.22133,normal
- 1127250909 2005.09.20 R21-M1-NE 2005-09-20-14.15.09.247295 R21-M1-NE NULL DISCOVERY SEVERE Can not get assembly information for node card,normal
"- 1133458356 2005.12.01 R00-M0-N0-C:J09-U01 2005-12-01-09.32.36.981213 R00-M0-N0-C:J09-U01 RAS KERNEL INFO 720 total interrupts. 0 critical input interrupts. 0 microseconds total spent on critical input interrupts, 0 microseconds max time in a critical input interrupt.",normal
- 1120216634 2005.07.01 R20-M1-N4-C:J13-U11 2005-07-01-04.17.14.696169 R20-M1-N4-C:J13-U11 RAS KERNEL INFO generating core.1149,normal
"- 1133455061 2005.12.01 R52-M0-NF-C:J02-U01 2005-12-01-08.37.41.244147 R52-M0-NF-C:J02-U01 RAS KERNEL INFO 10636 total interrupts. 0 critical input interrupts. 0 microseconds total spent on critical input interrupts, 0 microseconds max time in a critical input interrupt.",normal
- 1120935633 2005.07.09 R02-M0-N0-C:J10-U11 2005-07-09-12.00.33.606586 R02-M0-N0-C:J10-U11 RAS KERNEL INFO generating core.8101,normal
KERNDTLB 1118542991 2005.06.11 R30-M0-N9-C:J16-U01 2005-06-11-19.23.11.776079 R30-M0-N9-C:J16-U01 RAS KERNEL FATAL data TLB error interrupt,anomaly
- 1119725457 2005.06.25 R33-M0-N2-C:J11-U11 2005-06-25-11.50.57.051398 R33-M0-N2-C:J11-U11 RAS KERNEL INFO generating core.47093,normal
"APPSEV 1132234406 2005.11.17 R41-M0-NC-I:J18-U01 2005-11-17-05.33.26.920108 R41-M0-NC-I:J18-U01 RAS APP FATAL ciod: Error reading message prefix on CioStream socket to 172.16.96.116:43789, Link has been severed",anomaly
- 1120093892 2005.06.29 R12-M1-N3-C:J15-U11 2005-06-29-18.11.32.319927 R12-M1-N3-C:J15-U11 RAS KERNEL INFO critical input interrupt (unit=0x0b bit=0x0a): warning for torus z+ wire,normal
- 1119695744 2005.06.25 R30-M1-N4-C:J08-U01 2005-06-25-03.35.44.699722 R30-M1-N4-C:J08-U01 RAS KERNEL INFO 255172167 double-hummer alignment exceptions,normal
- 1122579146 2005.07.28 R34-M1-N3-C:J03-U11 2005-07-28-12.32.26.531102 R34-M1-N3-C:J03-U11 RAS KERNEL INFO generating core.15091,normal
KERNTERM 1126219419 2005.09.08 R63-M0-NE-C:J04-U11 2005-09-08-15.43.39.894018 R63-M0-NE-C:J04-U11 RAS KERNEL FATAL rts: kernel terminated for reason 1004,anomaly
- 1121172844 2005.07.12 R17-M1-N3-C:J10-U11 2005-07-12-05.54.04.079497 R17-M1-N3-C:J10-U11 RAS KERNEL INFO generating core.3497,normal
- 1118773151 2005.06.14 R24-M0-NC-C:J05-U01 2005-06-14-11.19.11.418482 R24-M0-NC-C:J05-U01 RAS KERNEL FATAL floating pt ex mode 0 enable......0,normal
- 1131061850 2005.11.03 R64-M1-N0-C:J12-U01 2005-11-03-15.50.50.657701 R64-M1-N0-C:J12-U01 RAS KERNEL INFO iar 00106534 dear 045e145c,normal
- 1131579910 2005.11.09 R62-M0-N6-C:J09-U11 2005-11-09-15.45.10.873517 R62-M0-N6-C:J09-U11 RAS KERNEL INFO iar 001067c4 dear 0246ddcc,normal
- 1118771330 2005.06.14 R26-M1-N6-C:J05-U11 2005-06-14-10.48.50.700021 R26-M1-N6-C:J05-U11 RAS KERNEL FATAL floating pt ex mode 1 enable......0,normal
"- 1127264601 2005.09.20 R12-M0-N8-I:J18-U11 2005-09-20-18.03.21.980394 R12-M0-N8-I:J18-U11 RAS APP FATAL ciod: Error loading /home/yates//broadcast.rts: invalid or missing program image, No such file or directory",normal
- 1134646443 2005.12.15 R16-M0-NE-C:J03-U01 2005-12-15-03.34.03.843919 R16-M0-NE-C:J03-U01 RAS KERNEL INFO total of 134 ddr error(s) detected and corrected over 13532 seconds,normal
KERNSTOR 1118765313 2005.06.14 R16-M1-N5-C:J06-U11 2005-06-14-09.08.33.998479 R16-M1-N5-C:J06-U11 RAS KERNEL FATAL data storage interrupt,anomaly
- 1118770451 2005.06.14 R27-M0-N2-C:J12-U11 2005-06-14-10.34.11.924503 R27-M0-N2-C:J12-U11 RAS KERNEL FATAL program interrupt: fp cr update.............0,normal
- 1121408420 2005.07.14 R01-M0-N4-I:J18-U01 2005-07-14-23.20.20.547703 R01-M0-N4-I:J18-U01 RAS KERNEL INFO ciod: Z coordinate 32 exceeds physical dimension 32 at line 33 of node map file /home/pakin1/comms-conc/xyzt-1x1x32768x1.map,normal
- 1131693223 2005.11.10 R63-M0-N4-C:J05-U11 2005-11-10-23.13.43.347810 R63-M0-N4-C:J05-U11 RAS KERNEL INFO iar 00106ad4 dear 0248b7fc,normal
- 1121308152 2005.07.13 R34-M0-N4-C:J17-U11 2005-07-13-19.29.12.577240 R34-M0-N4-C:J17-U11 RAS KERNEL INFO generating core.17652,normal
"- 1127264897 2005.09.20 R37-M1-NC-I:J18-U01 2005-09-20-18.08.17.755281 R37-M1-NC-I:J18-U01 RAS APP FATAL ciod: Error loading /bgl/apps/SWL/performance/MINIBEN//torus-latency.rts: invalid or missing program image, No such file or directory",normal
- 1122580719 2005.07.28 R20-M0-NB-C:J16-U11 2005-07-28-12.58.39.814283 R20-M0-NB-C:J16-U11 RAS KERNEL INFO generating core.14360,normal
- 1122579944 2005.07.28 R26-M1-N1-C:J02-U11 2005-07-28-12.45.44.929327 R26-M1-N1-C:J02-U11 RAS KERNEL INFO generating core.3931,normal
- 1131059268 2005.11.03 R67-M0-N6-C:J04-U01 2005-11-03-15.07.48.382656 R67-M0-N6-C:J04-U01 RAS KERNEL INFO iar 00106228 dear 0244c21c,normal
KERNSTOR 1118765243 2005.06.14 R00-M1-N3-C:J12-U11 2005-06-14-09.07.23.819582 R00-M1-N3-C:J12-U11 RAS KERNEL FATAL data storage interrupt,anomaly
- 1122431640 2005.07.26 R11-M1-N1-C:J02-U11 2005-07-26-19.34.00.787693 R11-M1-N1-C:J02-U11 RAS KERNEL INFO generating core.15531,normal
- 1121903639 2005.07.20 R36-M0-NA-C:J11-U01 2005-07-20-16.53.59.021255 R36-M0-NA-C:J11-U01 RAS KERNEL INFO 8 floating point alignment exceptions,normal
- 1131408826 2005.11.07 R63-M0-N3-C:J12-U11 2005-11-07-16.13.46.328497 R63-M0-N3-C:J12-U11 RAS KERNEL INFO iar 00105e84 dear 0245a3bc,normal
KERNSTOR 1118709854 2005.06.13 R07-M1-N0-C:J14-U11 2005-06-13-17.44.14.848625 R07-M1-N0-C:J14-U11 RAS KERNEL FATAL data storage interrupt,anomaly
"- 1133052108 2005.11.26 R03-M0-N8-C:J16-U01 2005-11-26-16.41.48.711237 R03-M0-N8-C:J16-U01 RAS KERNEL INFO CE sym 11, at 0x193c1c20, mask 0x08",normal
KERNDTLB 1118557026 2005.06.11 R30-M0-N9-C:J16-U01 2005-06-11-23.17.06.195541 R30-M0-N9-C:J16-U01 RAS KERNEL FATAL data TLB error interrupt,anomaly
"- 1130249717 2005.10.25 R43-M1-N6-C:J05-U11 2005-10-25-07.15.17.014262 R43-M1-N6-C:J05-U11 RAS KERNEL INFO CE sym 26, at 0x02292960, mask 0x02",normal
- 1120939850 2005.07.09 R37-M0-N6-C:J03-U01 2005-07-09-13.10.50.945167 R37-M0-N6-C:J03-U01 RAS KERNEL INFO generating core.42711,normal
"- 1117846853 2005.06.03 R16-M1-N2-C:J17-U01 2005-06-03-18.00.53.386119 R16-M1-N2-C:J17-U01 RAS KERNEL INFO CE sym 2, at 0x0b85fa80, mask 0x0a",normal
KERNDTLB 1118550087 2005.06.11 R30-M0-N9-C:J16-U01 2005-06-11-21.21.27.042438 R30-M0-N9-C:J16-U01 RAS KERNEL FATAL data TLB error interrupt,anomaly
- 1120788379 2005.07.07 R26-M0-NE-C:J15-U01 2005-07-07-19.06.19.376688 R26-M0-NE-C:J15-U01 RAS KERNEL INFO generating core.58972,normal
- 1124131961 2005.08.15 R17-M0-NC-I:J18-U01 2005-08-15-11.52.41.826912 R17-M0-NC-I:J18-U01 RAS KERNEL INFO ciod: Missing or invalid fields on line 1 of node map file /home/auselton/bgl/mapfiles/bgl.128mps.f64.map,normal
APPSEV 1124725202 2005.08.22 R45-M0-N4-I:J18-U01 2005-08-22-08.40.02.648536 R45-M0-N4-I:J18-U01 RAS APP FATAL ciod: Error reading message prefix after LOAD_MESSAGE on CioStream socket to 172.16.96.116:49195: Link has been severed,anomaly
KERNSTOR 1118765266 2005.06.14 R12-M0-N9-C:J17-U11 2005-06-14-09.07.46.621384 R12-M0-N9-C:J17-U11 RAS KERNEL FATAL data storage interrupt,anomaly
- 1118813321 2005.06.14 R02-M1-N0-C:J12-U11 2005-06-14-22.28.41.243933 R02-M1-N0-C:J12-U11 RAS KERNEL INFO instruction cache parity error corrected,normal
- 1120094232 2005.06.29 R35-M1-N7-C:J15-U11 2005-06-29-18.17.12.230250 R35-M1-N7-C:J15-U11 RAS KERNEL INFO 344040 double-hummer alignment exceptions,normal
- 1120748620 2005.07.07 R24-M1-NC-C:J10-U01 2005-07-07-08.03.40.741438 R24-M1-NC-C:J10-U01 RAS KERNEL INFO total of 13 ddr error(s) detected and corrected,normal
- 1121442089 2005.07.15 R05-M1-N7-C:J17-U01 2005-07-15-08.41.29.252791 R05-M1-N7-C:J17-U01 RAS KERNEL INFO generating core.6256,normal
- 1118859628 2005.06.15 R02-M1-N0-C:J12-U11 2005-06-15-11.20.28.344632 R02-M1-N0-C:J12-U11 RAS KERNEL INFO instruction cache parity error corrected,normal
- 1120786988 2005.07.07 R30-M1-N4-C:J04-U01 2005-07-07-18.43.08.968156 R30-M1-N4-C:J04-U01 RAS KERNEL INFO generating core.59543,normal
- 1120957091 2005.07.09 R05-M0-N0-C:J10-U11 2005-07-09-17.58.11.964941 R05-M0-N0-C:J10-U11 RAS KERNEL INFO generating core.2029,normal
- 1117977212 2005.06.05 R37-M1-N5-C:J16-U11 2005-06-05-06.13.32.084889 R37-M1-N5-C:J16-U11 RAS KERNEL INFO generating core.4776,normal
- 1131148507 2005.11.04 R63-M0-N4-C:J09-U01 2005-11-04-15.55.07.285406 R63-M0-N4-C:J09-U01 RAS KERNEL INFO iar 00106214 dear 02f75cdc,normal
KERNDTLB 1118535833 2005.06.11 R30-M0-N9-C:J16-U01 2005-06-11-17.23.53.226605 R30-M0-N9-C:J16-U01 RAS KERNEL FATAL data TLB error interrupt,anomaly
KERNMNTF 1126639823 2005.09.13 R66-M1-NC-I:J18-U01 2005-09-13-12.30.23.767185 R66-M1-NC-I:J18-U01 RAS KERNEL FATAL Lustre mount FAILED : bglio880 : point /p/gb1,anomaly
- 1120261117 2005.07.01 R20-M1-NC-C:J13-U01 2005-07-01-16.38.37.535671 R20-M1-NC-C:J13-U01 RAS KERNEL INFO 1146800 double-hummer alignment exceptions,normal
APPSEV 1123916167 2005.08.12 R32-M0-N0-I:J18-U01 2005-08-12-23.56.07.849471 R32-M0-N0-I:J18-U01 RAS APP FATAL ciod: Error reading message prefix after VERSION_MESSAGE on CioStream socket to 172.16.96.116:53418: Link has been severed,anomaly
"KERNREC 1131499523 2005.11.08 R62-M0-N2-C:J12-U11 2005-11-08-17.25.23.553231 R62-M0-N2-C:J12-U11 RAS KERNEL FATAL Error receiving packet on tree network, expecting type 57 instead of type 3 (softheader=00589370 90990003 00000002 00000000) PSR0=00001f01 PSR1=00000000 PRXF=00000002 PIXF=00000007",anomaly
KERNDTLB 1118555310 2005.06.11 R30-M0-N9-C:J16-U01 2005-06-11-22.48.30.102911 R30-M0-N9-C:J16-U01 RAS KERNEL FATAL data TLB error interrupt,anomaly
KERNSTOR 1118767993 2005.06.14 R21-M1-N8-C:J04-U01 2005-06-14-09.53.13.660603 R21-M1-N8-C:J04-U01 RAS KERNEL FATAL data storage interrupt,anomaly
KERNTERM 1124351740 2005.08.18 R75-M0-NB-C:J16-U01 2005-08-18-00.55.40.199298 R75-M0-NB-C:J16-U01 RAS KERNEL FATAL rts: kernel terminated for reason 1002,anomaly
- 1121308784 2005.07.13 R23-M0-N4-C:J15-U11 2005-07-13-19.39.44.076011 R23-M0-N4-C:J15-U11 RAS KERNEL INFO generating core.10236,normal
- 1122430499 2005.07.26 R33-M1-ND-C:J16-U11 2005-07-26-19.14.59.739476 R33-M1-ND-C:J16-U11 RAS KERNEL INFO generating core.52016,normal
- 1118766077 2005.06.14 R05-M0-N4-C:J15-U11 2005-06-14-09.21.17.806711 R05-M0-N4-C:J15-U11 RAS KERNEL FATAL instruction address: 0x00004ed8,normal
- 1118852402 2005.06.15 R02-M1-N0-C:J12-U11 2005-06-15-09.20.02.664184 R02-M1-N0-C:J12-U11 RAS KERNEL INFO instruction cache parity error corrected,normal
"KERNREC 1132111252 2005.11.15 R56-M1-ND-C:J12-U01 2005-11-15-19.20.52.921536 R56-M1-ND-C:J12-U01 RAS KERNEL FATAL Error receiving packet on tree network, expecting type 57 instead of type 3 (softheader=009756d5 8bfa0003 00000002 00000000) PSR0=00001f01 PSR1=00000000 PRXF=00000002 PIXF=00000007",anomaly
- 1120955701 2005.07.09 R32-M1-N4-C:J02-U11 2005-07-09-17.35.01.067570 R32-M1-N4-C:J02-U11 RAS KERNEL INFO generating core.14295,normal
- 1122576923 2005.07.28 R20-M0-N6-C:J12-U11 2005-07-28-11.55.23.241403 R20-M0-N6-C:J12-U11 RAS KERNEL INFO generating core.12381,normal
- 1122578124 2005.07.28 R30-M0-NF-C:J09-U11 2005-07-28-12.15.24.188768 R30-M0-NF-C:J09-U11 RAS KERNEL INFO generating core.50,normal
- 1122143222 2005.07.23 R14-M0-NE-C:J17-U01 2005-07-23-11.27.02.784968 R14-M0-NE-C:J17-U01 RAS KERNEL INFO generating core.6228,normal
- 1118769817 2005.06.14 R27-M1-N1-C:J03-U11 2005-06-14-10.23.37.977742 R27-M1-N1-C:J03-U11 RAS KERNEL FATAL program interrupt: trap instruction.........0,normal
- 1131059621 2005.11.03 R66-M1-N2-C:J05-U01 2005-11-03-15.13.41.708904 R66-M1-N2-C:J05-U01 RAS KERNEL INFO iar 00106210 dear 0244c26c,normal
"- 1133447730 2005.12.01 R05-M1-N9-C:J04-U11 2005-12-01-06.35.30.521772 R05-M1-N9-C:J04-U11 RAS KERNEL INFO 10668 total interrupts. 0 critical input interrupts. 0 microseconds total spent on critical input interrupts, 0 microseconds max time in a critical input interrupt.",normal
- 1120968553 2005.07.09 R25-M0-N4-C:J04-U11 2005-07-09-21.09.13.113313 R25-M0-N4-C:J04-U11 RAS KERNEL INFO generating core.25823,normal
- 1131129688 2005.11.04 R62-M0-NA-C:J09-U11 2005-11-04-10.41.28.444191 R62-M0-NA-C:J09-U11 RAS KERNEL INFO iar 00106378 dear 02f76f5c,normal
APPSEV 1128641331 2005.10.06 R47-M1-N4-I:J18-U01 2005-10-06-16.28.51.795419 R47-M1-N4-I:J18-U01 RAS APP FATAL ciod: Error reading message prefix after LOGIN_MESSAGE on CioStream socket to 172.16.96.116:40092: Link has been severed,anomaly
KERNDTLB 1118552532 2005.06.11 R30-M0-N9-C:J16-U01 2005-06-11-22.02.12.073173 R30-M0-N9-C:J16-U01 RAS KERNEL FATAL data TLB error interrupt,anomaly
"APPRES 1132613768 2005.11.21 R35-M1-N4-I:J18-U01 2005-11-21-14.56.08.399586 R35-M1-N4-I:J18-U01 RAS APP FATAL ciod: Error reading message prefix on CioStream socket to 172.16.96.116:40841, Connection reset by peer",anomaly
- 1118773610 2005.06.14 R21-M1-N6-C:J09-U01 2005-06-14-11.26.50.370810 R21-M1-N6-C:J09-U01 RAS KERNEL FATAL instruction address space.........0,normal
- 1122403353 2005.07.26 R06-M0-N2-C:J15-U11 2005-07-26-11.42.33.959485 R06-M0-N2-C:J15-U11 RAS KERNEL INFO generating core.380,normal
- 1122133450 2005.07.23 R26-M0-NC-C:J14-U01 2005-07-23-08.44.10.544101 R26-M0-NC-C:J14-U01 RAS KERNEL INFO generating core.14092,normal
KERNMNTF 1125554093 2005.08.31 R12-M0-NC-I:J18-U11 2005-08-31-22.54.53.566984 R12-M0-NC-I:J18-U11 RAS KERNEL FATAL Lustre mount FAILED : bglio171 : point /p/gb1,anomaly
KERNMNTF 1125889053 2005.09.04 R70-M0-NC-I:J18-U01 2005-09-04-19.57.33.041973 R70-M0-NC-I:J18-U01 RAS KERNEL FATAL Lustre mount FAILED : bglio908 : point /p/gb1,anomaly
- 1118770888 2005.06.14 R20-M1-N1-C:J02-U01 2005-06-14-10.41.28.964520 R20-M1-N1-C:J02-U01 RAS KERNEL FATAL data store interrupt caused by icbi.........0,normal
- 1119695001 2005.06.25 R21-M0-N5-C:J09-U11 2005-06-25-03.23.21.633816 R21-M0-N5-C:J09-U11 RAS KERNEL INFO 742872480 double-hummer alignment exceptions,normal
"- 1133455499 2005.12.01 R40-M1-N1-C:J08-U11 2005-12-01-08.44.59.487396 R40-M1-N1-C:J08-U11 RAS KERNEL INFO 10740 total interrupts. 0 critical input interrupts. 0 microseconds total spent on critical input interrupts, 0 microseconds max time in a critical input interrupt.",normal
- 1120259740 2005.07.01 R25-M0-N2-C:J11-U01 2005-07-01-16.15.40.411772 R25-M0-N2-C:J11-U01 RAS KERNEL INFO 1146800 double-hummer alignment exceptions,normal
- 1117979342 2005.06.05 R06-M1-N0-C:J15-U01 2005-06-05-06.49.02.503201 R06-M1-N0-C:J15-U01 RAS KERNEL INFO generating core.16228,normal
KERNSTOR 1118765370 2005.06.14 R01-M1-N6-C:J06-U11 2005-06-14-09.09.30.712628 R01-M1-N6-C:J06-U11 RAS KERNEL FATAL data storage interrupt,anomaly
- 1119807360 2005.06.26 R02-M0-NE-C:J15-U01 2005-06-26-10.36.00.996941 R02-M0-NE-C:J15-U01 RAS KERNEL INFO floating point operation....................0,normal
"- 1127243354 2005.09.20 NULL 2005-09-20-12.09.14.469098 NULL RAS MMCS ERROR idoproxydb hit ASSERT condition: ASSERT expression=0 Source file=idotransportmgr.cpp Source line=1043 Function=int IdoTransportMgr::SendPacket(IdoUdpMgr*, BglCtlPavTrace*)",normal
"- 1125117763 2005.08.26 R32-M1-N9-C:J16-U11 2005-08-26-21.42.43.314997 R32-M1-N9-C:J16-U11 RAS KERNEL INFO 1 ddr errors(s) detected and corrected on rank 0, symbol 15, bit 4",normal
KERNDTLB 1118554344 2005.06.11 R30-M0-N9-C:J16-U01 2005-06-11-22.32.24.620434 R30-M0-N9-C:J16-U01 RAS KERNEL FATAL data TLB error interrupt,anomaly
- 1121901398 2005.07.20 R34-M1-NC-C:J09-U11 2005-07-20-16.16.38.436944 R34-M1-NC-C:J09-U11 RAS KERNEL INFO 8 floating point alignment exceptions,normal
- 1118772434 2005.06.14 R27-M1-N7-C:J15-U01 2005-06-14-11.07.14.863623 R27-M1-N7-C:J15-U01 RAS KERNEL FATAL 12:28244842 13:1eeeeeee 14:ffffffff 15:0003da21,normal
KERNDTLB 1118543978 2005.06.11 R30-M0-N9-C:J16-U01 2005-06-11-19.39.38.090405 R30-M0-N9-C:J16-U01 RAS KERNEL FATAL data TLB error interrupt,anomaly
- 1125084464 2005.08.26 R61-M0-NB-C:J05-U01 2005-08-26-12.27.44.105669 R61-M0-NB-C:J05-U01 RAS KERNEL INFO 1524480 double-hummer alignment exceptions,normal
- 1118079520 2005.06.06 R02-M1-N0-C:J12-U11 2005-06-06-10.38.40.830175 R02-M1-N0-C:J12-U11 RAS KERNEL INFO instruction cache parity error corrected,normal
KERNTERM 1130529601 2005.10.28 R63-M1-N8-C:J05-U01 2005-10-28-13.00.01.120659 R63-M1-N8-C:J05-U01 RAS KERNEL FATAL rts: kernel terminated for reason 1004,anomaly
"APPSEV 1133622120 2005.12.03 R12-M0-N8-I:J18-U01 2005-12-03-07.02.00.611041 R12-M0-N8-I:J18-U01 RAS APP FATAL ciod: Error reading message prefix on CioStream socket to 172.16.96.116:39941, Link has been severed",anomaly
KERNSTOR 1118767953 2005.06.14 R25-M1-N9-C:J07-U01 2005-06-14-09.52.33.934564 R25-M1-N9-C:J07-U01 RAS KERNEL FATAL data storage interrupt,anomaly
- 1131127222 2005.11.04 R62-M0-ND-C:J05-U11 2005-11-04-10.00.22.426668 R62-M0-ND-C:J05-U11 RAS KERNEL INFO iar 0010671c dear 0245b6fc,normal
KERNDTLB 1118538846 2005.06.11 R30-M0-N9-C:J16-U01 2005-06-11-18.14.06.307808 R30-M0-N9-C:J16-U01 RAS KERNEL FATAL data TLB error interrupt,anomaly
- 1124741498 2005.08.22 R70-M1-N0-I:J18-U11 2005-08-22-13.11.38.015492 R70-M1-N0-I:J18-U11 RAS KERNEL INFO ciod: generated 128 core files for program /home/germann2/BGL-demo/SPaSM_mpi,normal
- 1120917481 2005.07.09 R15-M0-N4-C:J08-U01 2005-07-09-06.58.01.289486 R15-M0-N4-C:J08-U01 RAS KERNEL INFO generating core.12902,normal
- 1122577188 2005.07.28 R32-M1-N3-C:J05-U01 2005-07-28-11.59.48.694007 R32-M1-N3-C:J05-U01 RAS KERNEL INFO generating core.14819,normal
"- 1124332207 2005.08.17 R30-M0-N7-C:J09-U01 2005-08-17-19.30.07.247346 R30-M0-N7-C:J09-U01 RAS KERNEL INFO CE sym 26, at 0x07a95e80, mask 0x10",normal
KERNDTLB 1118550748 2005.06.11 R30-M0-N9-C:J16-U01 2005-06-11-21.32.28.860528 R30-M0-N9-C:J16-U01 RAS KERNEL FATAL data TLB error interrupt,anomaly
- 1118354055 2005.06.09 R24-M0-N0-C:J05-U01 2005-06-09-14.54.15.966678 R24-M0-N0-C:J05-U01 RAS KERNEL INFO generating core.3959,normal
APPCHILD 1119319454 2005.06.20 R01-M1-N8-I:J18-U11 2005-06-20-19.04.14.349402 R01-M1-N8-I:J18-U11 RAS APP FATAL ciod: Error creating node map from file /p/gb2/cabot/miranda/newmaps/8k_128x64x1_8x4x4.map: No child processes,anomaly
- 1121172959 2005.07.12 R11-M0-N3-C:J15-U11 2005-07-12-05.55.59.687355 R11-M0-N3-C:J15-U11 RAS KERNEL INFO generating core.5432,normal
"- 1133457712 2005.12.01 R00-M0-NB-C:J12-U11 2005-12-01-09.21.52.851295 R00-M0-NB-C:J12-U11 RAS KERNEL INFO 710 total interrupts. 0 critical input interrupts. 0 microseconds total spent on critical input interrupts, 0 microseconds max time in a critical input interrupt.",normal
- 1120917450 2005.07.09 R16-M1-NF-C:J06-U01 2005-07-09-06.57.30.561512 R16-M1-NF-C:J06-U01 RAS KERNEL INFO generating core.8578,normal
KERNDTLB 1118535993 2005.06.11 R30-M0-N9-C:J16-U01 2005-06-11-17.26.33.946451 R30-M0-N9-C:J16-U01 RAS KERNEL FATAL data TLB error interrupt,anomaly
- 1118769839 2005.06.14 R26-M1-N4-C:J16-U01 2005-06-14-10.23.59.712655 R26-M1-N4-C:J16-U01 RAS KERNEL FATAL program interrupt: trap instruction.........0,normal
- 1121256794 2005.07.13 R22-M0-N9-C:J17-U01 2005-07-13-05.13.14.869284 R22-M0-N9-C:J17-U01 RAS KERNEL INFO generating core.64344,normal
"- 1133448279 2005.12.01 R52-M0-N6-C:J09-U11 2005-12-01-06.44.39.628340 R52-M0-N6-C:J09-U11 RAS KERNEL INFO 10724 total interrupts. 0 critical input interrupts. 0 microseconds total spent on critical input interrupts, 0 microseconds max time in a critical input interrupt.",normal
- 1131590797 2005.11.09 R63-M0-N2-C:J17-U11 2005-11-09-18.46.37.251085 R63-M0-N2-C:J17-U11 RAS KERNEL INFO iar 00113890 dear 0fee9d2c,normal
APPSEV 1128641306 2005.10.06 R27-M1-N8-I:J18-U11 2005-10-06-16.28.26.648602 R27-M1-N8-I:J18-U11 RAS APP FATAL ciod: Error reading message prefix after LOGIN_MESSAGE on CioStream socket to 172.16.96.116:39841: Link has been severed,anomaly
KERNDTLB 1118544958 2005.06.11 R30-M0-N9-C:J16-U01 2005-06-11-19.55.58.175967 R30-M0-N9-C:J16-U01 RAS KERNEL FATAL data TLB error interrupt,anomaly
APPSEV 1125342869 2005.08.29 R24-M0-N4-I:J18-U01 2005-08-29-12.14.29.143517 R24-M0-N4-I:J18-U01 RAS APP FATAL ciod: Error reading message prefix after LOAD_MESSAGE on CioStream socket to 172.16.96.116:55483: Link has been severed,anomaly
"KERNTERM 1121127014 2005.07.11 R11-M1-N0-C:J04-U01 2005-07-11-17.10.14.508730 R11-M1-N0-C:J04-U01 RAS KERNEL FATAL rts: kernel terminated for reason 1001rts: bad message header: invalid cpu, type=31836, cpu=16, index=2060390622, total=26910319",anomaly
- 1119725489 2005.06.25 R27-M1-NF-C:J12-U11 2005-06-25-11.51.29.583552 R27-M1-NF-C:J12-U11 RAS KERNEL INFO generating core.8761,normal
- 1131059165 2005.11.03 R66-M1-N8-C:J11-U11 2005-11-03-15.06.05.220613 R66-M1-N8-C:J11-U11 RAS KERNEL INFO 640404 floating point alignment exceptions,normal
- 1118772569 2005.06.14 R21-M0-N4-C:J08-U01 2005-06-14-11.09.29.408794 R21-M0-N4-C:J08-U01 RAS KERNEL FATAL external input interrupt enable...0,normal
- 1121903644 2005.07.20 R36-M0-ND-C:J09-U01 2005-07-20-16.54.04.877696 R36-M0-ND-C:J09-U01 RAS KERNEL INFO 8 floating point alignment exceptions,normal
- 1131057845 2005.11.03 R61-M1-NB-C:J08-U01 2005-11-03-14.44.05.304342 R61-M1-NB-C:J08-U01 RAS KERNEL INFO 640764 floating point alignment exceptions,normal
- 1120092175 2005.06.29 R35-M0-N8-C:J13-U01 2005-06-29-17.42.55.084422 R35-M0-N8-C:J13-U01 RAS KERNEL INFO generating core.10919,normal
"APPSEV 1136287524 2006.01.03 R27-M0-N0-I:J18-U11 2006-01-03-03.25.24.564280 R27-M0-N0-I:J18-U11 RAS APP FATAL ciod: Error reading message prefix on CioStream socket to 172.16.96.116:39499, Link has been severed",anomaly
- 1122162243 2005.07.23 R26-M1-N5-C:J13-U01 2005-07-23-16.44.03.145905 R26-M1-N5-C:J13-U01 RAS KERNEL INFO 5 floating point alignment exceptions,normal
KERNSTOR 1118765556 2005.06.14 R03-M1-N8-C:J02-U11 2005-06-14-09.12.36.265384 R03-M1-N8-C:J02-U11 RAS KERNEL FATAL data storage interrupt,anomaly
KERNDTLB 1118556256 2005.06.11 R30-M0-N9-C:J16-U01 2005-06-11-23.04.16.401696 R30-M0-N9-C:J16-U01 RAS KERNEL FATAL data TLB error interrupt,anomaly
KERNDTLB 1118558105 2005.06.11 R30-M0-N9-C:J16-U01 2005-06-11-23.35.05.786738 R30-M0-N9-C:J16-U01 RAS KERNEL FATAL data TLB error interrupt,anomaly
- 1132069413 2005.11.15 R10-M0-NC-I:J18-U11 2005-11-15-07.43.33.438857 R10-M0-NC-I:J18-U11 RAS KERNEL INFO ciod: generated 64 core files for program /bgl/apps/followup/RAPTOR/raptor.rel2,normal
"APPSEV 1134496440 2005.12.13 R57-M0-N0-I:J18-U11 2005-12-13-09.54.00.665971 R57-M0-N0-I:J18-U11 RAS APP FATAL ciod: Error reading message prefix on CioStream socket to 172.16.96.116:56053, Link has been severed",anomaly
- 1131063446 2005.11.03 R54-M1-NF-C:J15-U01 2005-11-03-16.17.26.998101 R54-M1-NF-C:J15-U01 RAS KERNEL INFO 1915806 floating point alignment exceptions,normal
- 1120263400 2005.07.01 R31-M0-N0-C:J11-U01 2005-07-01-17.16.40.393093 R31-M0-N0-C:J11-U01 RAS KERNEL INFO 1146800 double-hummer alignment exceptions,normal
- 1132069959 2005.11.15 R45-M0-N0-I:J18-U01 2005-11-15-07.52.39.335485 R45-M0-N0-I:J18-U01 RAS KERNEL INFO ciod: generated 64 core files for program /bgl/apps/followup/hellow/a.out.1111,normal
KERNDTLB 1118555614 2005.06.11 R30-M0-N9-C:J16-U01 2005-06-11-22.53.34.251312 R30-M0-N9-C:J16-U01 RAS KERNEL FATAL data TLB error interrupt,anomaly
KERNSTOR 1118768167 2005.06.14 R17-M0-NC-C:J05-U11 2005-06-14-09.56.07.804172 R17-M0-NC-C:J05-U11 RAS KERNEL FATAL data storage interrupt,anomaly
- 1131058033 2005.11.03 R61-M0-NC-C:J16-U01 2005-11-03-14.47.13.701654 R61-M0-NC-C:J16-U01 RAS KERNEL INFO iar 00106228 dear 0244c21c,normal
- 1122255973 2005.07.24 R20-M0-N2-C:J03-U11 2005-07-24-18.46.13.306629 R20-M0-N2-C:J03-U11 RAS KERNEL INFO generating core.62719,normal
KERNDTLB 1118539166 2005.06.11 R30-M0-N9-C:J16-U01 2005-06-11-18.19.26.065188 R30-M0-N9-C:J16-U01 RAS KERNEL FATAL data TLB error interrupt,anomaly
- 1121495647 2005.07.15 R34-M0-NA-C:J08-U11 2005-07-15-23.34.07.219215 R34-M0-NA-C:J08-U11 RAS KERNEL INFO generating core.4406,normal
- 1117979130 2005.06.05 R22-M0-NE-C:J12-U01 2005-06-05-06.45.30.526059 R22-M0-NE-C:J12-U01 RAS KERNEL INFO generating core.5,normal
KERNDTLB 1118536023 2005.06.11 R30-M0-N9-C:J16-U01 2005-06-11-17.27.03.089913 R30-M0-N9-C:J16-U01 RAS KERNEL FATAL data TLB error interrupt,anomaly
KERNDTLB 1118544518 2005.06.11 R30-M0-N9-C:J16-U01 2005-06-11-19.48.38.027787 R30-M0-N9-C:J16-U01 RAS KERNEL FATAL data TLB error interrupt,anomaly
- 1118772327 2005.06.14 R21-M0-N3-C:J07-U01 2005-06-14-11.05.27.904629 R21-M0-N3-C:J07-U01 RAS KERNEL FATAL critical input interrupt enable...0,normal
- 1133454614 2005.12.01 R17-M0-NC-C:J04-U01 2005-12-01-08.30.14.324710 R17-M0-NC-C:J04-U01 RAS KERNEL INFO 0 microseconds spent in the rbs signal handler during 0 calls. 0 microseconds was the maximum time for a single instance of a correctable ddr.,normal
- 1120772490 2005.07.07 R05-M1-ND-C:J16-U11 2005-07-07-14.41.30.736946 R05-M1-ND-C:J16-U11 RAS KERNEL INFO generating core.2376,normal
- 1122579829 2005.07.28 R22-M1-N1-C:J09-U01 2005-07-28-12.43.49.476174 R22-M1-N1-C:J09-U01 RAS KERNEL INFO generating core.3562,normal
KERNTERM 1124272151 2005.08.17 R67-M1-NC-C:J16-U01 2005-08-17-02.49.11.550933 R67-M1-NC-C:J16-U01 RAS KERNEL FATAL rts: kernel terminated for reason 1001,anomaly
- 1121314048 2005.07.13 R32-M0-NF-C:J12-U11 2005-07-13-21.07.28.850201 R32-M0-NF-C:J12-U11 RAS KERNEL INFO generating core.16785,normal
- 1131064546 2005.11.03 R36-M1-NB-C:J17-U01 2005-11-03-16.35.46.664510 R36-M1-NB-C:J17-U01 RAS KERNEL INFO 2354412 floating point alignment exceptions,normal
"- 1119448860 2005.06.22 R03-M0-NB-C:J10-U11 2005-06-22-07.01.00.899774 R03-M0-NB-C:J10-U11 RAS KERNEL INFO CE sym 12, at 0x0b786b40, mask 0x01",normal
KERNMNTF 1126010488 2005.09.06 R63-M0-N8-I:J18-U11 2005-09-06-05.41.28.143804 R63-M0-N8-I:J18-U11 RAS KERNEL FATAL Lustre mount FAILED : bglio825 : point /p/gb1,anomaly
- 1120447642 2005.07.03 R32-M1-N4-C:J04-U01 2005-07-03-20.27.22.673276 R32-M1-N4-C:J04-U01 RAS KERNEL INFO generating core.13767,normal
- 1121597977 2005.07.17 R33-M1-N9-C:J11-U01 2005-07-17-03.59.37.539534 R33-M1-N9-C:J11-U01 RAS KERNEL INFO generating core.24401,normal
KERNDTLB 1118552359 2005.06.11 R30-M0-N9-C:J16-U01 2005-06-11-21.59.19.143645 R30-M0-N9-C:J16-U01 RAS KERNEL FATAL data TLB error interrupt,anomaly
KERNDTLB 1118538099 2005.06.11 R30-M0-N9-C:J16-U01 2005-06-11-18.01.39.228587 R30-M0-N9-C:J16-U01 RAS KERNEL FATAL data TLB error interrupt,anomaly
KERNSTOR 1118768166 2005.06.14 R17-M0-N0-C:J04-U01 2005-06-14-09.56.06.377718 R17-M0-N0-C:J04-U01 RAS KERNEL FATAL data storage interrupt,anomaly
- 1120776298 2005.07.07 R36-M1-N9-C:J12-U01 2005-07-07-15.44.58.872793 R36-M1-N9-C:J12-U01 RAS KERNEL INFO 638063472 double-hummer alignment exceptions,normal
- 1131141935 2005.11.04 R62-M0-N7-C:J07-U01 2005-11-04-14.05.35.632886 R62-M0-N7-C:J07-U01 RAS KERNEL INFO iar 001007b8 dear 065b4cbc,normal
KERNDTLB 1118549187 2005.06.11 R30-M0-N9-C:J16-U01 2005-06-11-21.06.27.609647 R30-M0-N9-C:J16-U01 RAS KERNEL FATAL data TLB error interrupt,anomaly
"- 1127579604 2005.09.24 R41-M0-NC-C:J05-U01 2005-09-24-09.33.24.410835 R41-M0-NC-C:J05-U01 RAS KERNEL INFO CE sym 22, at 0x041ebe00, mask 0x08",normal
"- 1123110899 2005.08.03 NULL 2005-08-03-16.14.59.417992 NULL RAS MMCS ERROR idoproxydb hit ASSERT condition: ASSERT expression=0 Source file=idotransportmgr.cpp Source line=1043 Function=int IdoTransportMgr::SendPacket(IdoUdpMgr*, BglCtlPavTrace*)",normal
- 1120209772 2005.07.01 R07-M1-N6-C:J15-U11 2005-07-01-02.22.52.488966 R07-M1-N6-C:J15-U11 RAS KERNEL INFO generating core.1148,normal
KERNDTLB 1118536378 2005.06.11 R30-M0-N9-C:J16-U01 2005-06-11-17.32.58.481311 R30-M0-N9-C:J16-U01 RAS KERNEL FATAL data TLB error interrupt,anomaly
KERNDTLB 1118550206 2005.06.11 R30-M0-N9-C:J16-U01 2005-06-11-21.23.26.509815 R30-M0-N9-C:J16-U01 RAS KERNEL FATAL data TLB error interrupt,anomaly
KERNDTLB 1118547092 2005.06.11 R30-M0-N9-C:J16-U01 2005-06-11-20.31.32.156870 R30-M0-N9-C:J16-U01 RAS KERNEL FATAL data TLB error interrupt,anomaly
- 1118768245 2005.06.14 R24-M1-N5-C:J07-U11 2005-06-14-09.57.25.212871 R24-M1-N5-C:J07-U11 RAS KERNEL FATAL exception syndrome register: 0x00800000,normal
- 1118911789 2005.06.16 R04-M1-NB-C:J13-U11 2005-06-16-01.49.49.014744 R04-M1-NB-C:J13-U11 RAS KERNEL INFO generating core.15449,normal
KERNDTLB 1118553263 2005.06.11 R30-M0-N9-C:J16-U01 2005-06-11-22.14.23.873336 R30-M0-N9-C:J16-U01 RAS KERNEL FATAL data TLB error interrupt,anomaly
"- 1130625964 2005.10.29 R25-M1-N3-C:J12-U11 2005-10-29-15.46.04.395839 R25-M1-N3-C:J12-U11 RAS KERNEL INFO CE sym 33, at 0x1ab3c520, mask 0x02",normal
- 1131061882 2005.11.03 R65-M1-N1-C:J04-U11 2005-11-03-15.51.22.893476 R65-M1-N1-C:J04-U11 RAS KERNEL INFO iar 00106568 dear 045e143c,normal
- 1120262365 2005.07.01 R21-M1-N4-C:J09-U01 2005-07-01-16.59.25.811349 R21-M1-N4-C:J09-U01 RAS KERNEL INFO 1146800 double-hummer alignment exceptions,normal
KERNDTLB 1118536137 2005.06.11 R30-M0-N9-C:J16-U01 2005-06-11-17.28.57.124056 R30-M0-N9-C:J16-U01 RAS KERNEL FATAL data TLB error interrupt,anomaly
- 1121256384 2005.07.13 R26-M1-N6-C:J15-U11 2005-07-13-05.06.24.463773 R26-M1-N6-C:J15-U11 RAS KERNEL INFO generating core.34556,normal
"APPSEV 1133059906 2005.11.26 R36-M0-N8-I:J18-U01 2005-11-26-18.51.46.407365 R36-M0-N8-I:J18-U01 RAS APP FATAL ciod: Error reading message prefix on CioStream socket to 172.16.96.116:52484, Link has been severed",anomaly
- 1120935451 2005.07.09 R35-M1-N8-C:J08-U01 2005-07-09-11.57.31.601239 R35-M1-N8-C:J08-U01 RAS KERNEL INFO generating core.22806,normal
"- 1127851428 2005.09.27 R32-M1-N7-C:J11-U01 2005-09-27-13.03.48.319243 R32-M1-N7-C:J11-U01 RAS KERNEL INFO CE sym 10, at 0x0249e060, mask 0x04",normal
- 1131720307 2005.11.11 R20-M1-N8-C:J09-U11 2005-11-11-06.45.07.579657 R20-M1-N8-C:J09-U11 RAS KERNEL INFO L1 DCACHE summary averages: #ofDirtyLines: 302 out of 1024 #ofDirtyDblWord: 879 out of 4096,normal
KERNMNTF 1125552686 2005.08.31 R27-M1-N8-I:J18-U11 2005-08-31-22.31.26.801910 R27-M1-N8-I:J18-U11 RAS KERNEL FATAL Lustre mount FAILED : bglio381 : point /p/gb1,anomaly
KERNRTSP 1124127934 2005.08.15 R77-M1-N2-C:J02-U01 2005-08-15-10.45.34.358748 R77-M1-N2-C:J02-U01 RAS KERNEL FATAL rts panic! - stopping execution,anomaly
KERNSTOR 1118765156 2005.06.14 R15-M1-NE-C:J03-U01 2005-06-14-09.05.56.175056 R15-M1-NE-C:J03-U01 RAS KERNEL FATAL data storage interrupt,anomaly
- 1118772284 2005.06.14 R26-M0-NE-C:J03-U11 2005-06-14-11.04.44.401709 R26-M0-NE-C:J03-U11 RAS KERNEL FATAL 4:000008ce 5:ffffffff 6:00000038 7:00086590,normal
- 1122580127 2005.07.28 R35-M0-N1-C:J17-U11 2005-07-28-12.48.47.636688 R35-M0-N1-C:J17-U11 RAS KERNEL INFO generating core.7408,normal
- 1135655005 2005.12.26 R37-M1-NC-C:J02-U11 2005-12-26-19.43.25.292064 R37-M1-NC-C:J02-U11 RAS KERNEL INFO instruction cache parity error corrected,normal
- 1122139633 2005.07.23 R00-M0-N8-C:J08-U01 2005-07-23-10.27.13.775876 R00-M0-N8-C:J08-U01 RAS KERNEL INFO 15 floating point alignment exceptions,normal
- 1133455501 2005.12.01 R44-M1-N4-C:J12-U01 2005-12-01-08.45.01.041312 R44-M1-N4-C:J12-U01 RAS KERNEL INFO 0 microseconds spent in the rbs signal handler during 0 calls. 0 microseconds was the maximum time for a single instance of a correctable ddr.,normal
- 1133455291 2005.12.01 R62-M1-N5-C:J03-U01 2005-12-01-08.41.31.720406 R62-M1-N5-C:J03-U01 RAS KERNEL INFO 0 microseconds spent in the rbs signal handler during 0 calls. 0 microseconds was the maximum time for a single instance of a correctable ddr.,normal
- 1125223077 2005.08.28 R41-M1-N3-C:J15-U01 2005-08-28-02.57.57.163645 R41-M1-N3-C:J15-U01 RAS KERNEL INFO iar 00149ee0 dear 0099f998,normal
- 1118771411 2005.06.14 R25-M0-N0-C:J05-U11 2005-06-14-10.50.11.730820 R25-M0-N0-C:J05-U11 RAS KERNEL FATAL byte ordering exception.....................0,normal
"- 1121181862 2005.07.12 R05-M1-NC-C:J03-U01 2005-07-12-08.24.22.273691 R05-M1-NC-C:J03-U01 RAS KERNEL INFO CE sym 20, at 0x0f6f83e0, mask 0x04",normal
KERNTERM 1124174506 2005.08.15 R64-M0-N8-C:J12-U01 2005-08-15-23.41.46.479636 R64-M0-N8-C:J12-U01 RAS KERNEL FATAL rts: kernel terminated for reason 1004,anomaly
KERNDTLB 1118552116 2005.06.11 R30-M0-N9-C:J16-U01 2005-06-11-21.55.16.506892 R30-M0-N9-C:J16-U01 RAS KERNEL FATAL data TLB error interrupt,anomaly
- 1122165597 2005.07.23 R13-M0-N8-C:J06-U01 2005-07-23-17.39.57.828003 R13-M0-N8-C:J06-U01 RAS KERNEL INFO 5 floating point alignment exceptions,normal
- 1122143291 2005.07.23 R11-M0-N0-C:J02-U01 2005-07-23-11.28.11.061964 R11-M0-N0-C:J02-U01 RAS KERNEL INFO generating core.14119,normal
APPREAD 1118958907 2005.06.16 R11-M1-NC-I:J18-U11 2005-06-16-14.55.07.231629 R11-M1-NC-I:J18-U11 RAS APP FATAL ciod: failed to read message prefix on control stream (CioStream socket to 172.16.96.116:51343,anomaly
- 1121137675 2005.07.11 R35-M0-N9-C:J12-U01 2005-07-11-20.07.55.576086 R35-M0-N9-C:J12-U01 RAS KERNEL FATAL 2,normal
KERNTERM 1124272160 2005.08.17 R64-M0-NC-C:J12-U01 2005-08-17-02.49.20.652216 R64-M0-NC-C:J12-U01 RAS KERNEL FATAL rts: kernel terminated for reason 1001,anomaly
- 1121495320 2005.07.15 R20-M1-N2-C:J08-U01 2005-07-15-23.28.40.059439 R20-M1-N2-C:J08-U01 RAS KERNEL INFO generating core.4254,normal
- 1121313842 2005.07.13 R36-M1-N3-C:J08-U11 2005-07-13-21.04.02.392190 R36-M1-N3-C:J08-U11 RAS KERNEL INFO generating core.14674,normal
- 1121311846 2005.07.13 R31-M1-N5-C:J17-U01 2005-07-13-20.30.46.724612 R31-M1-N5-C:J17-U01 RAS KERNEL INFO generating core.25696,normal
- 1121902408 2005.07.20 R26-M1-N2-C:J08-U01 2005-07-20-16.33.28.151432 R26-M1-N2-C:J08-U01 RAS KERNEL INFO 8 floating point alignment exceptions,normal
- 1133455517 2005.12.01 R24-M1-NC-C:J15-U01 2005-12-01-08.45.17.006936 R24-M1-NC-C:J15-U01 RAS KERNEL INFO 0 microseconds spent in the rbs signal handler during 0 calls. 0 microseconds was the maximum time for a single instance of a correctable ddr.,normal
- 1130613612 2005.10.29 R60-M1-N0-I:J18-U11 2005-10-29-12.20.12.553326 R60-M1-N0-I:J18-U11 RAS APP FATAL ciod: LOGIN chdir(RUNS/3Bvn_fmm/rs0000) failed: No such file or directory,normal
KERNDTLB 1118555474 2005.06.11 R30-M0-N9-C:J16-U01 2005-06-11-22.51.14.411919 R30-M0-N9-C:J16-U01 RAS KERNEL FATAL data TLB error interrupt,anomaly
- 1131057855 2005.11.03 R61-M1-N1-C:J13-U01 2005-11-03-14.44.15.645153 R61-M1-N1-C:J13-U01 RAS KERNEL INFO 640404 floating point alignment exceptions,normal
"- 1127964720 2005.09.28 R32-M1-N7-C:J11-U01 2005-09-28-20.32.00.436007 R32-M1-N7-C:J11-U01 RAS KERNEL INFO CE sym 10, at 0x0249e060, mask 0x04",normal
KERNDTLB 1118541709 2005.06.11 R30-M0-N9-C:J16-U01 2005-06-11-19.01.49.557254 R30-M0-N9-C:J16-U01 RAS KERNEL FATAL data TLB error interrupt,anomaly
- 1120932800 2005.07.09 R26-M1-N6-C:J10-U11 2005-07-09-11.13.20.685653 R26-M1-N6-C:J10-U11 RAS KERNEL INFO generating core.1725,normal
KERNSTOR 1118709825 2005.06.13 R03-M1-NC-C:J14-U11 2005-06-13-17.43.45.170431 R03-M1-NC-C:J14-U11 RAS KERNEL FATAL data storage interrupt,anomaly
KERNDTLB 1118540878 2005.06.11 R30-M0-N9-C:J16-U01 2005-06-11-18.47.58.151995 R30-M0-N9-C:J16-U01 RAS KERNEL FATAL data TLB error interrupt,anomaly
- 1119291047 2005.06.20 R12-M0-N7-C:J12-U11 2005-06-20-11.10.47.195610 R12-M0-N7-C:J12-U11 RAS KERNEL INFO generating core.12761,normal
- 1120469624 2005.07.04 R27-M1-N6-C:J15-U01 2005-07-04-02.33.44.668198 R27-M1-N6-C:J15-U01 RAS KERNEL INFO generating core.4972,normal
KERNRTSP 1118773002 2005.06.14 R27-M0-ND-C:J10-U01 2005-06-14-11.16.42.944444 R27-M0-ND-C:J10-U01 RAS KERNEL FATAL rts panic! - stopping execution,anomaly
"- 1123915492 2005.08.12 R60-M1-N4-I:J18-U11 2005-08-12-23.44.52.952354 R60-M1-N4-I:J18-U11 RAS APP FATAL ciod: Error loading /bgl/apps/scaletest/performance/MINIBEN/mb_243_0810/allreduce.rts: invalid or missing program image, Exec format error",normal
- 1122580937 2005.07.28 R30-M1-N8-C:J08-U01 2005-07-28-13.02.17.394099 R30-M1-N8-C:J08-U01 RAS KERNEL INFO generating core.15366,normal
- 1121707382 2005.07.18 R37-M1-N8-C:J17-U01 2005-07-18-10.23.02.639430 R37-M1-N8-C:J17-U01 RAS KERNEL INFO generating core.27940,normal
- 1120216594 2005.07.01 R21-M1-N4-C:J12-U01 2005-07-01-04.16.34.986564 R21-M1-N4-C:J12-U01 RAS KERNEL INFO generating core.5197,normal
APPUNAV 1124131982 2005.08.15 R40-M1-N8-I:J18-U01 2005-08-15-11.53.02.027560 R40-M1-N8-I:J18-U01 RAS APP FATAL ciod: Error creating node map from file /home/auselton/bgl/mapfiles/bgl.128mps.f64.map: Resource temporarily unavailable,anomaly
- 1118772513 2005.06.14 R27-M0-ND-C:J14-U01 2005-06-14-11.08.33.714120 R27-M0-ND-C:J14-U01 RAS KERNEL FATAL 16:00000800 17:00000001 18:00000000 19:00000000,normal
KERNDTLB 1118537245 2005.06.11 R30-M0-N9-C:J16-U01 2005-06-11-17.47.25.050402 R30-M0-N9-C:J16-U01 RAS KERNEL FATAL data TLB error interrupt,anomaly
"KERNTERM 1121124962 2005.07.11 R35-M0-N8-C:J16-U01 2005-07-11-16.36.02.800470 R35-M0-N8-C:J16-U01 RAS KERNEL FATAL rts: kernel terminated for reason 1004rts: bad message header: expecting type 53, type=20992, cpu=0, index=0, total=1",anomaly
"KERNREC 1132111259 2005.11.15 R57-M1-ND-C:J15-U01 2005-11-15-19.20.59.844272 R57-M1-ND-C:J15-U01 RAS KERNEL FATAL Error receiving packet on tree network, expecting type 57 instead of type 3 (softheader=009756d5 8bfa0003 00000002 00000000) PSR0=00001f01 PSR1=00000000 PRXF=00000002 PIXF=00000007",anomaly
- 1120469582 2005.07.04 R37-M1-N2-C:J08-U01 2005-07-04-02.33.02.140485 R37-M1-N2-C:J08-U01 RAS KERNEL INFO generating core.10566,normal
KERNDTLB 1118543989 2005.06.11 R30-M0-N9-C:J16-U01 2005-06-11-19.39.49.023569 R30-M0-N9-C:J16-U01 RAS KERNEL FATAL data TLB error interrupt,anomaly
"- 1133457687 2005.12.01 R00-M0-N1-C:J15-U01 2005-12-01-09.21.27.878038 R00-M0-N1-C:J15-U01 RAS KERNEL INFO 676 total interrupts. 0 critical input interrupts. 0 microseconds total spent on critical input interrupts, 0 microseconds max time in a critical input interrupt.",normal
- 1121900442 2005.07.20 R36-M1-NB-C:J11-U01 2005-07-20-16.00.42.665504 R36-M1-NB-C:J11-U01 RAS KERNEL INFO 8 floating point alignment exceptions,normal
- 1131123544 2005.11.04 R62-M0-N5-C:J16-U11 2005-11-04-08.59.04.102306 R62-M0-N5-C:J16-U11 RAS KERNEL INFO iar 00106588 dear 0245a14c,normal
- 1120145103 2005.06.30 R20-M0-N2-C:J04-U11 2005-06-30-08.25.03.396937 R20-M0-N2-C:J04-U11 RAS KERNEL INFO generating core.28863,normal
KERNDTLB 1118537020 2005.06.11 R30-M0-N9-C:J16-U01 2005-06-11-17.43.40.552915 R30-M0-N9-C:J16-U01 RAS KERNEL FATAL data TLB error interrupt,anomaly
"- 1134599438 2005.12.14 R70-M0-N0-I:J18-U11 2005-12-14-14.30.38.506216 R70-M0-N0-I:J18-U11 RAS APP FATAL ciod: Error loading /g/g0/spelce1/Tuned/SPaSM-base/rundir/SPaSM.baseline: invalid or missing program image, Permission denied",normal
- 1121496571 2005.07.15 R02-M0-N6-C:J05-U01 2005-07-15-23.49.31.852202 R02-M0-N6-C:J05-U01 RAS KERNEL INFO generating core.33735,normal
- 1125668397 2005.09.02 R75-M1-N8-I:J18-U01 2005-09-02-06.39.57.132549 R75-M1-N8-I:J18-U01 RAS APP FATAL ciod: LOGIN chdir(/bglscratch/bwallen/SWL/SYS-CALLS/testcases/kernel/syscalls/write) failed: No such file or directory,normal
KERNSTOR 1118709456 2005.06.13 R17-M0-N2-C:J06-U01 2005-06-13-17.37.36.512022 R17-M0-N2-C:J06-U01 RAS KERNEL FATAL data storage interrupt,anomaly
KERNDTLB 1118556871 2005.06.11 R30-M0-N9-C:J16-U01 2005-06-11-23.14.31.214259 R30-M0-N9-C:J16-U01 RAS KERNEL FATAL data TLB error interrupt,anomaly
APPSEV 1128970711 2005.10.10 R36-M0-N4-I:J18-U01 2005-10-10-11.58.31.679618 R36-M0-N4-I:J18-U01 RAS APP FATAL ciod: Error reading message prefix after LOAD_MESSAGE on CioStream socket to 172.16.96.116:57500: Link has been severed,anomaly
"- 1118798473 2005.06.14 R31-M1-N6-C:J16-U01 2005-06-14-18.21.13.168328 R31-M1-N6-C:J16-U01 RAS KERNEL INFO CE sym 11, at 0x1dac7b20, mask 0x80",normal
KERNDTLB 1118552447 2005.06.11 R30-M0-N9-C:J16-U01 2005-06-11-22.00.47.959275 R30-M0-N9-C:J16-U01 RAS KERNEL FATAL data TLB error interrupt,anomaly
- 1132085263 2005.11.15 R64-M0-NC-I:J18-U01 2005-11-15-12.07.43.105324 R64-M0-NC-I:J18-U01 RAS APP FATAL ciod: LOGIN chdir(/p/gb1/glosli/Ta/8M_5000K/t1600) failed: No such file or directory,normal
- 1122132867 2005.07.23 R11-M0-NB-C:J13-U11 2005-07-23-08.34.27.684510 R11-M0-NB-C:J13-U11 RAS KERNEL INFO generating core.13337,normal
"- 1133455125 2005.12.01 R73-M1-NE-C:J09-U01 2005-12-01-08.38.45.974963 R73-M1-NE-C:J09-U01 RAS KERNEL INFO 10714 total interrupts. 0 critical input interrupts. 0 microseconds total spent on critical input interrupts, 0 microseconds max time in a critical input interrupt.",normal
- 1121006382 2005.07.10 R25-M0-N3-C:J11-U11 2005-07-10-07.39.42.297235 R25-M0-N3-C:J11-U11 RAS KERNEL INFO generating core.27385,normal
- 1121902626 2005.07.20 R14-M1-N5-C:J17-U01 2005-07-20-16.37.06.359414 R14-M1-N5-C:J17-U01 RAS KERNEL INFO 8 floating point alignment exceptions,normal
- 1122162084 2005.07.23 R22-M1-N9-C:J02-U01 2005-07-23-16.41.24.625318 R22-M1-N9-C:J02-U01 RAS KERNEL INFO 5 floating point alignment exceptions,normal
- 1118771899 2005.06.14 R21-M1-NB-C:J10-U01 2005-06-14-10.58.19.932700 R21-M1-NB-C:J10-U01 RAS KERNEL FATAL program interrupt: fp cr field .............0,normal
- 1125084530 2005.08.26 R74-M1-N8-C:J08-U01 2005-08-26-12.28.50.653287 R74-M1-N8-C:J08-U01 RAS KERNEL INFO iar 003a9260 dear 00ef78b8,normal
- 1120263173 2005.07.01 R20-M1-NF-C:J08-U01 2005-07-01-17.12.53.211453 R20-M1-NF-C:J08-U01 RAS KERNEL INFO 1146800 double-hummer alignment exceptions,normal
